,protein_id,site
0,sp|Q9BQ69|,96
1,sp|Q9BQ69|,133
2,tr|B4DLN1|,150
3,tr|B4DLN1|,162
4,tr|B4DLN1|,409
5,sp|P43897-2|,65
6,sp|P40926|,91
7,sp|P40926|,185
8,sp|P40926|,215
9,sp|P40926|,239
10,sp|P40926|,296
11,sp|P40926|,301
12,sp|P40926|,307
13,sp|P40926|,314
14,sp|P40926|,324
15,sp|P40926|,329
16,sp|P40926|,335
17,sp|P38117|,110
18,sp|P38117|,116
19,sp|P38117|,200
20,sp|Q9BW91|,127
21,sp|Q7L0Y3|,139
22,sp|P01891|,200
23,sp|P42704|,107
24,sp|P42704|,187
25,sp|P42704|,613
26,sp|P42704|,772
27,sp|P42704|,868
28,sp|P42704|,966
29,sp|P42704|,1121
30,sp|P42704|,1224
31,sp|P42704|,1332
32,sp|P42704|,1357
33,sp|Q9UII2|,49
34,sp|Q9UII2|,82
35,sp|Q9UII2|,90
36,sp|Q00059|,95
37,sp|Q00059|,190
38,sp|Q00059|,205
39,sp|O43290|,175
40,sp|P09543|,175
41,sp|P09543|,217
42,tr|E9PF18|,136
43,tr|E9PF18|,196
44,tr|E9PF18|,206
45,tr|E9PF18|,216
46,tr|E9PF18|,244
47,tr|E9PF18|,317
48,sp|P34897|,103
49,sp|P34897|,200
50,sp|P34897|,269
51,sp|P34897|,302
52,sp|P34897|,356
53,sp|P34897|,409
54,sp|P34897|,464
55,sp|P34897|,469
56,sp|P34897|,474
57,sp|Q07021|,91
58,sp|Q9BYN8|,97
59,sp|O15091|,512
60,sp|P41250|,99
61,sp|P41250|,108
62,sp|P41250|,115
63,sp|P41250|,204
64,sp|P41250|,207
65,sp|P41250|,419
66,sp|P41250|,501
67,sp|P41250|,553
68,sp|O75947|,32
69,sp|O75947|,58
70,sp|O75947|,63
71,sp|O75947|,72
72,sp|O75947|,78
73,sp|O75947|,85
74,sp|O75947|,95
75,sp|O75947|,99
76,sp|O75947|,117
77,sp|O75608|,97
78,sp|Q969Z0|,446
79,sp|Q8IYQ7|,183
80,sp|Q8IYQ7|,281
81,sp|Q02252|,52
82,sp|Q02252|,117
83,sp|Q9NPJ3|,27
84,sp|Q9NPJ3|,108
85,sp|Q9NPJ3|,111
86,sp|Q9NPJ3|,127
87,sp|Q7L8L6|,361
88,sp|Q7L8L6|,507
89,sp|P55809|,176
90,sp|P55809|,421
91,sp|P55809|,446
92,sp|P55809|,455
93,sp|P55809|,473
94,sp|P30042|,157
95,sp|P30042|,223
96,sp|P30042|,233
97,sp|O75439|,148
98,sp|O75439|,219
99,sp|O75439|,472
100,sp|O75439|,478
101,sp|P22695|,92
102,sp|P22695|,98
103,sp|P22695|,159
104,sp|P22695|,250
105,sp|Q96GC5|,195
106,sp|C9JSL2|,759
107,sp|C9JSL2|,884
108,sp|C9JSL2|,1030
109,sp|Q9HA77|,198
110,sp|Q9HA77|,233
111,sp|Q9HA77|,323
112,sp|Q9HA77|,407
113,sp|P42126|,89
114,sp|P42126|,283
115,sp|Q16822|,100
116,sp|Q8N0X4|,57
117,sp|Q9Y2Z4|,49
118,sp|Q9Y2Z4|,367
119,sp|Q99623|,6
120,sp|Q13423|,55
121,sp|Q13423|,70
122,sp|Q13423|,117
123,sp|Q13423|,403
124,sp|Q13423|,430
125,sp|Q13423|,433
126,sp|Q13423|,939
127,sp|Q13423|,1070
128,sp|P31949|,27
129,sp|P31949|,55
130,sp|P18859|,41
131,sp|P18859|,46
132,sp|P18859|,51
133,sp|P18859|,79
134,sp|P18859|,99
135,sp|Q9HCC0|,70
136,sp|P23381|,27
137,sp|P23381|,33
138,sp|P23381|,51
139,sp|P23381|,111
140,sp|P23381|,153
141,sp|P23381|,204
142,sp|P23381|,431
143,sp|P23381|,458
144,sp|Q9NSE4|,74
145,sp|Q9NSE4|,189
146,sp|Q9NSE4|,241
147,sp|Q9NSE4|,277
148,sp|Q9NSE4|,451
149,sp|Q9NSE4|,493
150,sp|Q9NSE4|,775
151,sp|Q9NSE4|,803
152,sp|P55209|,116
153,sp|Q96EY7|,408
154,sp|Q16762|,24
155,sp|P40939|,46
156,sp|P40939|,259
157,sp|P40939|,334
158,sp|P40939|,350
159,sp|P40939|,359
160,sp|P40939|,390
161,sp|P40939|,406
162,sp|P40939|,414
163,sp|P40939|,415
164,sp|P40939|,519
165,sp|P40939|,531
166,sp|P40939|,540
167,sp|P40939|,569
168,sp|P40939|,644
169,sp|P40939|,728
170,sp|Q99757|,152
171,sp|Q96DC8|,65
172,tr|Q5T4U5|,245
173,tr|Q5T4U5|,289
174,tr|A2A274|,426
175,tr|A2A274|,545
176,tr|A2A274|,755
177,tr|A2A274|,761
178,sp|Q13825|,144
179,sp|Q13825|,204
180,sp|O75323|,281
181,sp|Q9HC21|,275
182,sp|B4DFQ6|,206
183,sp|Q9Y2Q3-2|,71
184,sp|Q9Y2Q3-2|,225
185,sp|P07814|,229
186,sp|P07814|,788
187,sp|P07814|,1361
188,sp|P13073|,67
189,sp|P13073|,87
190,sp|Q16854|,275
191,tr|F5H5P2|,141
192,tr|F5H5P2|,390
193,sp|Q6GMV3|,134
194,sp|Q9BSH4|,170
195,sp|Q8WWC4|,180
196,sp|Q8WXC9|,75
197,sp|P30049|,165
198,sp|P82933|,85
199,sp|P82933|,287
200,sp|Q96AB3-2|,201
201,sp|P23919|,169
202,sp|Q9NUJ1|,69
203,sp|Q9NUJ1|,248
204,tr|C9J587|,114
205,tr|H0YB34|,71
206,sp|Q8NE86|,211
207,sp|Q8NE86|,321
208,sp|Q8NE86|,332
209,sp|Q16795|,175
210,sp|Q16795|,254
211,sp|P35914|,48
212,sp|P23786|,69
213,sp|P23786|,453
214,sp|P23786|,544
215,sp|Q4G176|,534
216,sp|O43175|,351
217,sp|O43175|,394
218,sp|P00367|,183
219,sp|P00367|,191
220,sp|P00367|,211
221,sp|P00367|,346
222,sp|P00367|,415
223,sp|P00367|,457
224,sp|P00367|,503
225,sp|P00367|,527
226,sp|P00367|,545
227,sp|Q9BQP7|,253
228,sp|O95571|,66
229,sp|O95571|,172
230,sp|Q13907-2|,233
231,sp|Q13907-2|,237
232,sp|P0C7P0|,48
233,sp|P0C7P0|,55
234,sp|Q9NYK5-2|,72
235,sp|Q9NYK5-2|,126
236,sp|Q16718|,40
237,sp|Q16718|,60
238,sp|P49419|,93
239,sp|P49419|,389
240,sp|P49419|,439
241,sp|P49419|,462
242,sp|P49419|,528
243,sp|Q96E11|,100
244,sp|Q9H2U2-2|,69
245,sp|Q9H2U2-2|,120
246,sp|Q9H2U2-2|,126
247,sp|Q9H2U2-2|,137
248,sp|Q9H2U2-2|,239
249,sp|Q9H2U2-2|,291
250,sp|P53621-2|,441
251,sp|P53621-2|,997
252,sp|P13804|,139
253,sp|P13804|,226
254,sp|P13804|,301
255,sp|P13804|,331
256,sp|Q6UB35|,516
257,tr|G8JLB6|,35
258,tr|G8JLB6|,185
259,sp|P07954|,66
260,sp|P07954|,80
261,sp|P07954|,94
262,sp|P07954|,122
263,sp|P07954|,221
264,sp|P07954|,292
265,sp|Q53R41|,360
266,sp|Q53R41|,482
267,sp|Q13057-2|,583
268,sp|O43708|,32
269,sp|P31937|,145
270,sp|P31937|,238
271,sp|Q9UFN0|,45
272,sp|Q9UFN0|,166
273,sp|P30038|,119
274,sp|Q9Y6N5|,173
275,sp|Q9Y6N5|,177
276,sp|Q9Y6N5|,180
277,sp|Q9Y6N5|,186
278,sp|Q9Y6N5|,260
279,sp|P82650|,211
280,sp|P82650|,248
281,sp|P82650|,255
282,sp|Q6P2I3|,128
283,sp|Q9NX46|,109
284,sp|P82675|,260
285,sp|P82675|,393
286,sp|Q4G0N4|,339
287,sp|P36776|,145
288,sp|P36776|,714
289,sp|Q8TCS8|,264
290,sp|Q8TCS8|,285
291,sp|Q8TCS8|,289
292,sp|Q8TCS8|,357
293,sp|Q8TCS8|,562
294,sp|Q8TCS8|,582
295,sp|Q8TCS8|,583
296,sp|Q8TCS8|,629
297,sp|P28838|,221
298,sp|P28838|,224
299,sp|Q9NVI7|,329
300,sp|Q9NVI7|,539
301,sp|Q9NVI7|,543
302,sp|O95202|,373
303,sp|P13995|,50
304,sp|P24539|,131
305,sp|P24539|,162
306,sp|P24539|,233
307,sp|P24539|,244
308,sp|Q9NVV4-2|,220
309,sp|Q9Y3B7|,51
310,sp|Q9Y3B7|,169
311,sp|O95139|,66
312,sp|Q9Y2R9|,221
313,sp|Q9Y3D9|,93
314,sp|P49753|,104
315,sp|P49406|,221
316,sp|P49406|,284
317,sp|P51659|,46
318,sp|P51659|,139
319,sp|P51659|,415
320,sp|P51659|,579
321,sp|P51659|,644
322,sp|P51659|,731
323,sp|Q96ER9|,162
324,sp|P10515|,362
325,sp|P10515|,376
326,sp|Q9BRJ7|,151
327,sp|Q9NPG3|,449
328,sp|P23396|,62
329,sp|P23396|,90
330,sp|Q9P0P8|,133
331,sp|O75746|,482
332,sp|P23434|,166
333,tr|E7ESL0|,197
334,sp|O75027-2|,362
335,sp|O75027-2|,500
336,sp|P23368|,224
337,sp|P23368|,240
338,sp|P28331|,311
339,sp|P28331|,467
340,sp|Q16740|,211
341,sp|P10606|,56
342,sp|P14927|,19
343,sp|P14927|,78
344,sp|P14927|,96
345,sp|P14927|,110
346,sp|A4D1E9|,184
347,sp|A3KMH1|,272
348,sp|Q9NWU1|,174
349,sp|P30044|,83
350,sp|Q6WCQ1-2|,396
351,sp|O14874|,184
352,sp|P53007|,277
353,tr|F5H189|,47
354,sp|P06744|,89
355,sp|P06744|,142
356,sp|P06744|,234
357,sp|P06744|,366
358,sp|P06744|,454
359,sp|Q9NQH7|,412
360,sp|Q12904-2|,87
361,tr|B4DXI4|,151
362,sp|Q10713|,299
363,sp|Q10713|,478
364,sp|P51398|,130
365,sp|P51398|,203
366,sp|O14561|,88
367,sp|O14561|,92
368,sp|Q96CS3|,167
369,tr|E7EVA0|,369
370,tr|E7EVA0|,515
371,sp|Q16134|,132
372,sp|P08243|,244
373,sp|P08243|,556
374,sp|P53597|,54
375,sp|P27824|,61
376,sp|P27824|,137
377,sp|P27824|,170
378,sp|P27824|,210
379,sp|P27824|,458
380,sp|Q9BXW7|,69
381,sp|Q9BXW7|,132
382,sp|O75964|,66
383,sp|O95363|,99
384,sp|P62979|,6
385,sp|P62979|,11
386,sp|P62979|,27
387,sp|P62979|,48
388,sp|P62979|,63
389,sp|P62979|,104
390,sp|P62979|,107
391,sp|P54577|,146
392,sp|P54577|,206
393,sp|P54577|,238
394,sp|Q14964|,63
395,sp|P02786|,128
396,sp|P02786|,161
397,sp|P02786|,382
398,sp|P02786|,693
399,sp|P51553|,206
400,sp|P54886|,347
401,sp|P54886|,424
402,sp|Q8WV44|,303
403,sp|Q15120|,278
404,sp|Q9Y3B8|,205
405,sp|O00411|,622
406,sp|P09960|,58
407,sp|P09960|,418
408,sp|P09960|,434
409,sp|P09960|,573
410,sp|P04080|,91
411,sp|O95831|,593
412,sp|Q14197|,98
413,sp|Q08J23|,650
414,sp|Q8NCW5|,269
415,sp|Q9HC36|,153
416,sp|P26641|,212
417,sp|P26641|,219
418,sp|P26641|,227
419,sp|P26641|,294
420,sp|P26641|,434
421,sp|Q9UHG3|,430
422,sp|P38159|,30
423,sp|P38159|,217
424,sp|P07737|,38
425,sp|P07737|,54
426,sp|P07737|,70
427,sp|P07737|,105
428,sp|P07737|,116
429,sp|P07737|,126
430,sp|O95347|,320
431,sp|P02545|,32
432,sp|P02545|,97
433,sp|P02545|,108
434,sp|P02545|,114
435,sp|P02545|,155
436,sp|P02545|,180
437,sp|P02545|,201
438,sp|P02545|,260
439,sp|P02545|,265
440,sp|P02545|,316
441,sp|P02545|,470
442,sp|Q92616|,2591
443,tr|E7ENR4|,379
444,tr|E7ENR4|,798
445,sp|Q15149|,597
446,sp|Q15149|,740
447,sp|Q15149|,1417
448,sp|Q15149|,1427
449,sp|Q15149|,1626
450,sp|Q15149|,2915
451,sp|Q15149|,3182
452,sp|Q15149|,3384
453,sp|Q15149|,3476
454,sp|Q15149|,3848
455,sp|Q15149|,3968
456,sp|Q15149|,4152
457,sp|Q15149|,4167
458,sp|Q15149|,4173
459,sp|Q15149|,4512
460,sp|Q15149|,4576
461,sp|Q15149|,4584
462,sp|Q14978-2|,657
463,sp|Q9H5Q4|,201
464,sp|Q14CZ7|,471
465,sp|O75396|,38
466,sp|O75396|,178
467,sp|Q9BXJ9|,262
468,sp|Q9BXJ9|,756
469,sp|P46940|,806
470,sp|P46940|,935
471,sp|P46940|,1027
472,sp|P46940|,1088
473,sp|P46940|,1389
474,sp|P53999|,38
475,sp|Q9BY32|,18
476,sp|P19338|,79
477,sp|P19338|,87
478,sp|P19338|,124
479,sp|P19338|,370
480,sp|P19338|,377
481,sp|P19338|,410
482,sp|P19338|,444
483,sp|P19338|,467
484,sp|P19338|,627
485,sp|P41252|,382
486,sp|Q9H3K6|,47
487,sp|P11940|,78
488,sp|P11940|,104
489,sp|P11940|,620
490,sp|P61086|,14
491,sp|P62851|,66
492,sp|P62851|,94
493,sp|O94925|,164
494,sp|O94925|,311
495,sp|Q9Y2D0|,249
496,sp|Q15070|,207
497,sp|P15559|,31
498,sp|P15559|,90
499,sp|P18669|,5
500,sp|P18669|,100
501,sp|P18669|,113
502,sp|P18669|,176
503,sp|P00558|,11
504,sp|P00558|,30
505,sp|P00558|,97
506,sp|P00558|,131
507,sp|P00558|,146
508,sp|P00558|,191
509,sp|P00558|,291
510,sp|P00558|,361
511,sp|P14866|,538
512,sp|Q02790|,83
513,sp|Q02790|,222
514,sp|Q02790|,274
515,sp|Q02790|,294
516,sp|P09496|,242
517,sp|P06748|,27
518,sp|P06748|,32
519,sp|P06748|,141
520,sp|P06748|,212
521,sp|P06748|,229
522,sp|P06748|,239
523,sp|P06748|,248
524,sp|P06748|,267
525,sp|P06748|,273
526,sp|Q8NC51|,102
527,sp|Q8NC51|,320
528,sp|P62424|,48
529,sp|P62424|,125
530,sp|P62424|,150
531,sp|O00232|,98
532,sp|O00232|,405
533,sp|P78417|,136
534,sp|P78417|,143
535,sp|Q14697-2|,242
536,sp|Q14697-2|,930
537,sp|Q02543|,11
538,sp|Q16891|,282
539,sp|Q16891|,714
540,sp|P58546|,11
541,sp|P58546|,19
542,sp|P58546|,24
543,sp|P58546|,90
544,sp|P30040|,192
545,sp|Q9Y5J7|,15
546,sp|P19784|,103
547,sp|Q00839|,17
548,sp|Q00839|,331
549,sp|Q00839|,352
550,sp|Q00839|,489
551,sp|Q00839|,609
552,sp|Q00839|,614
553,sp|Q00839|,620
554,sp|Q00839|,626
555,sp|Q00839|,635
556,sp|Q00839|,664
557,sp|Q00839|,670
558,sp|P62913|,159
559,sp|O60925|,10
560,tr|F8W914|,327
561,sp|P12532-2|,322
562,sp|P12532-2|,368
563,sp|O94826|,470
564,sp|P23193|,84
565,sp|P23193|,199
566,sp|P62081|,74
567,sp|P62081|,178
568,sp|P27695|,24
569,sp|P27695|,197
570,sp|P27695|,276
571,sp|P61247|,27
572,sp|P61247|,34
573,sp|P61247|,63
574,sp|P61247|,182
575,sp|P61247|,187
576,sp|P61247|,195
577,sp|P05187|,46
578,sp|P05187|,262
579,sp|Q9HB71|,8
580,sp|P50454|,250
581,sp|P50454|,287
582,sp|P36578|,14
583,sp|P36578|,172
584,sp|P36578|,181
585,sp|P36578|,259
586,sp|P50990|,37
587,sp|P50990|,235
588,sp|P50990|,400
589,sp|P50990|,459
590,sp|O76094|,283
591,sp|P56192|,431
592,sp|P39023|,148
593,sp|P39023|,294
594,sp|P39023|,356
595,sp|P39023|,362
596,sp|P39023|,366
597,sp|P39023|,393
598,sp|P39023|,399
599,sp|P39019|,7
600,sp|P39019|,23
601,sp|Q9P2J5|,832
602,sp|P05387|,21
603,sp|P05387|,49
604,sp|P29401|,16
605,sp|P29401|,144
606,sp|P29401|,204
607,sp|P29401|,260
608,sp|P29401|,310
609,sp|P29401|,352
610,sp|P29401|,465
611,sp|P29401|,538
612,sp|P29401|,603
613,tr|Q32Q12|,51
614,tr|Q32Q12|,56
615,tr|Q32Q12|,81
616,tr|Q32Q12|,196
617,tr|Q32Q12|,264
618,tr|Q32Q12|,275
619,sp|Q00688|,48
620,sp|Q00688|,70
621,sp|P08133|,68
622,sp|P08133|,478
623,sp|P16949|,9
624,sp|P16949|,52
625,sp|P62857|,47
626,tr|F8W031|,160
627,tr|E9PRY8|,601
628,sp|P83731|,27
629,sp|P83731|,43
630,sp|P83731|,69
631,sp|P83731|,93
632,sp|P49755|,87
633,sp|P49755|,133
634,sp|P49902|,211
635,sp|P49902|,228
636,sp|P13667|,245
637,sp|P13667|,543
638,sp|P13667|,570
639,sp|P26373|,174
640,sp|P26373|,177
641,sp|P42766|,25
642,sp|P42766|,66
643,sp|Q6P2Q9|,1993
644,sp|P13639|,61
645,sp|P13639|,239
646,sp|P13639|,258
647,sp|P13639|,275
648,sp|P13639|,283
649,sp|P13639|,308
650,sp|P13639|,318
651,sp|P13639|,322
652,sp|P13639|,337
653,sp|P13639|,438
654,sp|P13639|,445
655,sp|P13639|,571
656,sp|P13639|,857
657,sp|P07900-2|,234
658,sp|P07900-2|,558
659,sp|P07900-2|,565
660,sp|P07900-2|,611
661,sp|P07900-2|,661
662,sp|P07900-2|,668
663,sp|P07900-2|,680
664,sp|P07900-2|,698
665,sp|P07900-2|,753
666,sp|Q14019|,72
667,sp|Q14019|,102
668,sp|Q14019|,110
669,sp|Q14019|,126
670,sp|P35520-2|,485
671,sp|O76003|,67
672,tr|E7EUC7|,78
673,sp|Q16643|,295
674,sp|Q9BUQ0|,13
675,sp|Q9BUQ0|,92
676,sp|Q9BUQ0|,266
677,sp|P30086|,77
678,sp|O95373|,312
679,sp|P22314|,68
680,sp|P22314|,528
681,sp|P22314|,671
682,tr|B4DR61|,113
683,sp|O43169|,30
684,sp|P62753|,30
685,sp|P62753|,116
686,sp|P62753|,119
687,sp|P62753|,149
688,sp|P07910|,8
689,sp|P07910|,29
690,sp|P07910|,176
691,sp|P07910|,197
692,sp|P07910|,204
693,sp|P07910|,223
694,sp|P07910|,243
695,sp|O15479|,250
696,sp|P61221|,584
697,sp|P35613|,179
698,sp|P21964|,159
699,sp|P22234|,11
700,sp|P22234|,36
701,sp|P22234|,110
702,sp|P22234|,116
703,sp|P11413-2|,432
704,sp|P11413-2|,543
705,sp|P25789|,180
706,sp|P25789|,238
707,sp|Q12797|,110
708,sp|P08195-4|,197
709,sp|P08195-4|,276
710,sp|P08195-4|,300
711,sp|P08195-4|,329
712,sp|Q01082|,497
713,sp|Q01082|,1684
714,sp|Q01082|,1815
715,sp|P12004|,13
716,sp|P12004|,164
717,sp|P49321-3|,659
718,sp|P52565|,43
719,sp|P52565|,105
720,sp|P52565|,178
721,tr|B5MC82|,21
722,sp|P62750|,110
723,sp|P62750|,115
724,sp|P63241-2|,64
725,sp|P63241-2|,97
726,sp|P63241-2|,151
727,sp|O76021|,109
728,sp|O76021|,140
729,sp|O76021|,318
730,tr|B5MDF5|,23
731,tr|B5MDF5|,37
732,tr|B5MDF5|,116
733,tr|B5MDF5|,144
734,tr|B5MDF5|,169
735,sp|Q08211|,14
736,sp|Q08211|,146
737,sp|Q08211|,191
738,sp|P55327-3|,124
739,sp|P55327-3|,161
740,sp|P55327-3|,209
741,sp|Q969Q4|,31
742,tr|H0YHG0|,344
743,sp|Q16658|,41
744,sp|Q16658|,74
745,sp|Q16658|,241
746,sp|Q16658|,464
747,sp|Q16658|,471
748,sp|O95816|,9
749,sp|Q15631|,187
750,sp|P18124|,19
751,sp|P18124|,156
752,sp|P00338-3|,34
753,sp|P00338-3|,43
754,sp|P00338-3|,105
755,sp|P00338-3|,110
756,sp|P00338-3|,147
757,sp|P00338-3|,155
758,sp|P00338-3|,251
759,sp|P00338-3|,257
760,sp|P00338-3|,261
761,sp|P00338-3|,307
762,sp|P00338-3|,313
763,sp|P00338-3|,357
764,sp|P22307|,438
765,sp|P61978-2|,34
766,sp|P61978-2|,52
767,sp|P61978-2|,219
768,sp|P61978-2|,405
769,sp|P61978-2|,422
770,sp|P20042|,79
771,sp|P22102|,404
772,sp|P53004|,269
773,sp|P62140|,259
774,sp|Q00796|,63
775,sp|P67809|,81
776,sp|P67809|,92
777,sp|P37837|,130
778,sp|P37837|,219
779,sp|P37837|,225
780,sp|P00492|,166
781,sp|P40261|,8
782,sp|P40261|,23
783,sp|P55145|,133
784,sp|P12956|,100
785,sp|P12956|,114
786,sp|P12956|,123
787,sp|P12956|,331
788,sp|P12956|,357
789,sp|P12956|,591
790,sp|P09429|,127
791,sp|P09429|,157
792,sp|Q15717|,72
793,sp|P22087|,121
794,sp|P55884-2|,729
795,sp|O15212|,88
796,sp|Q99873|,266
797,sp|P68431|,57
798,sp|P68431|,80
799,sp|P68431|,123
800,sp|Q9NR30|,278
801,sp|Q9NR30|,577
802,sp|P31939|,356
803,sp|P43034|,368
804,sp|O75531|,32
805,tr|B7Z4C8|,55
806,sp|P04632|,172
807,sp|Q07065|,223
808,tr|A6NG51|,824
809,tr|A6NG51|,1703
810,sp|P61254|,63
811,sp|P18077|,45
812,sp|Q09666|,263
813,sp|Q09666|,942
814,sp|Q09666|,976
815,sp|Q09666|,1205
816,sp|Q09666|,1609
817,sp|Q09666|,2865
818,sp|Q09666|,2872
819,sp|Q09666|,3036
820,sp|Q09666|,3229
821,sp|Q09666|,3256
822,sp|Q09666|,3573
823,sp|Q09666|,4031
824,sp|Q09666|,4139
825,sp|Q09666|,4556
826,sp|Q09666|,4751
827,sp|Q09666|,5443
828,sp|Q13185|,44
829,tr|B7Z6Z4|,149
830,sp|Q15084-2|,125
831,sp|Q15084-2|,260
832,sp|Q15084-2|,293
833,sp|P32969|,21
834,sp|F8VTL3|,689
835,sp|P23246|,208
836,sp|P23246|,314
837,sp|P23246|,330
838,sp|P23246|,338
839,sp|P23246|,413
840,sp|P23246|,472
841,sp|P23246|,510
842,sp|P17931|,196
843,sp|E9PDR7|,8
844,sp|P35268|,80
845,sp|P35268|,107
846,sp|P39748|,200
847,sp|P39748|,354
848,sp|P52272|,88
849,sp|P52272|,126
850,sp|P52272|,381
851,tr|E5RJD8|,97
852,sp|P61289-2|,6
853,sp|O15145|,29
854,sp|O15145|,56
855,sp|P49721|,68
856,sp|P05455|,116
857,sp|P56385|,34
858,sp|P05783|,187
859,sp|P05783|,247
860,sp|P05783|,317
861,sp|P05783|,417
862,sp|P05783|,426
863,sp|P63208|,128
864,sp|P62244|,12
865,sp|P62244|,19
866,sp|P62244|,84
867,sp|Q07666|,165
868,sp|Q07666|,185
869,sp|P26447|,31
870,sp|P26447|,35
871,sp|P26447|,48
872,sp|P37802|,78
873,sp|P37802|,153
874,sp|P14324|,359
875,sp|P67936|,11
876,sp|P67936|,169
877,sp|P26368|,292
878,sp|Q9UHD1|,127
879,sp|Q14315|,2699
880,sp|P29966|,172
881,sp|P30153|,467
882,sp|P30153|,542
883,sp|P09234|,35
884,sp|P14854|,13
885,sp|Q14974|,68
886,tr|B4DT31|,224
887,tr|B4DT31|,415
888,tr|B4DT31|,612
889,sp|P25205|,556
890,sp|Q5SZL2-4|,559
891,sp|P05388|,10
892,sp|O15355|,406
893,sp|P18206|,71
894,sp|P18206|,992
895,sp|P18206|,1020
896,sp|Q8WVY7|,245
897,sp|P33991|,409
898,sp|P33991|,477
899,sp|P33991|,762
900,sp|B7WPD3|,28
901,sp|B7WPD3|,46
902,sp|Q14116|,132
903,sp|Q14116|,176
904,sp|O14929|,15
905,sp|P63000-2|,166
906,sp|P29373|,9
907,sp|Q9UQ80|,101
908,sp|Q9BTT0|,113
909,sp|P61956|,45
910,sp|P17812|,489
911,sp|P41227|,165
912,sp|Q13243|,36
913,sp|E9PAV3|,1971
914,sp|O14979|,311
915,sp|Q9UHB6-4|,268
916,sp|P32320|,80
917,sp|F5H3A1|,773
918,sp|O75821|,71
919,sp|O75821|,193
920,sp|O75821|,272
921,sp|Q09028|,22
922,sp|O15144,117
923,sp|Q01581|,409
924,sp|Q9NTJ3|,207
925,sp|P02656|,44
926,tr|B0QYN7|,65
927,sp|P47897|,620
928,sp|Q9BUL8|,150
929,tr|F8WAR4|,76
930,sp|Q9NVA2-2|,407
931,sp|Q07020|,49
932,sp|Q7L2H7|,176
933,sp|O14548|,69
934,sp|P11279|,137
935,sp|P49327|,786
936,sp|P52907|,226
937,sp|P54727|,60
938,sp|P62241|,157
939,sp|P62829|,43
940,sp|P78527|,3638
941,sp|Q01081|,13
942,sp|Q13098-7|,186
943,sp|Q15031|,155
944,sp|Q3SY69|,57
945,sp|Q86UP2|,345
946,sp|Q86UP2|,835
947,sp|Q99598|,247
948,sp|Q9BRA2|,25
949,sp|Q9H444|,38
950,sp|Q9H4B0|,240
951,sp|Q9H9J2|,278
952,sp|Q9UBT2|,316
953,sp|P0A823|,227
954,sp|P75863|,344
955,sp|P0ABS8|,7
956,sp|P0ABS8|,74
957,sp|P0A7D7|,3
958,sp|P0A7D7|,13
959,sp|P0A7D7|,52
960,sp|P0A7D7|,103
961,sp|P0A7D7|,152
962,sp|P0A7D7|,157
963,sp|P0A7D7|,163
964,sp|P0A7D7|,203
965,sp|P0A8E7|,90
966,sp|P0A8E7|,108
967,sp|P0A8E7|,159
968,sp|Q47147|,50
969,sp|Q47147|,115
970,sp|P11458|,77
971,sp|P11458|,179
972,sp|P0A7P5|,11
973,sp|P12996|,103
974,sp|P0AC92|,7
975,sp|P0AC92|,53
976,sp|P00452|,9
977,sp|P00452|,584
978,sp|P00452|,723
979,sp|P00452|,727
980,sp|P0AE63|,26
981,sp|P0AE63|,37
982,sp|P0AE63|,61
983,sp|P76108|,119
984,sp|P76108|,127
985,sp|P63235|,489
986,sp|P25524|,110
987,sp|P25524|,207
988,sp|P24228|,98
989,sp|P00961|,72
990,sp|P00961|,86
991,sp|P00961|,146
992,sp|P00961|,214
993,sp|P00961|,282
994,sp|P00961|,286
995,sp|P00961|,565
996,sp|P00961|,584
997,sp|P00961|,592
998,sp|P00961|,607
999,sp|P00961|,624
1000,sp|P00961|,674
1001,sp|P09394|,127
1002,sp|P09394|,140
1003,sp|P09394|,173
1004,sp|P09394|,188
1005,sp|P02359|,17
1006,sp|P02359|,35
1007,sp|P02359|,131
1008,sp|P02359|,149
1009,sp|P02359|,171
1010,sp|P77754|,43
1011,sp|P77754|,135
1012,sp|P0A8I3|,209
1013,sp|P00561|,5
1014,sp|P00561|,415
1015,sp|P00561|,770
1016,sp|P39838|,96
1017,sp|P76550|,117
1018,sp|P76550|,209
1019,sp|P00582|,406
1020,sp|P00582|,786
1021,sp|P00582|,810
1022,sp|P00805|,184
1023,sp|P00805|,208
1024,sp|P00864|,24
1025,sp|P00864|,94
1026,sp|P00864|,123
1027,sp|P00864|,164
1028,sp|P00864|,317
1029,sp|P00864|,437
1030,sp|P00864|,676
1031,sp|P00864|,746
1032,sp|P00864|,789
1033,sp|P0A7V8|,22
1034,sp|P0A7V8|,77
1035,sp|P0A7V8|,167
1036,sp|P0A7V8|,183
1037,sp|P0A7C6|,215
1038,sp|P06846|,31
1039,sp|P0ABR1|,57
1040,sp|P0ABZ6|,134
1041,sp|P0ABZ6|,269
1042,sp|P0ABZ6|,293
1043,sp|P0ABZ6|,315
1044,sp|P76177|,90
1045,sp|P76177|,174
1046,sp|P18843|,14
1047,sp|P18843|,257
1048,sp|P18843|,274
1049,sp|P00895|,389
1050,sp|P0A8V2|,161
1051,sp|P0A8V2|,236
1052,sp|P0A8V2|,283
1053,sp|P0A8V2|,430
1054,sp|P0A8V2|,439
1055,sp|P0A8V2|,719
1056,sp|P0A8V2|,900
1057,sp|P0A8V2|,909
1058,sp|P0A8V2|,954
1059,sp|P0A8V2|,1035
1060,sp|P0A8V2|,1048
1061,sp|P0A8V2|,1122
1062,sp|P0A8V2|,1133
1063,sp|P0A8V2|,1158
1064,sp|P0A8V2|,1191
1065,sp|P0A8V2|,1196
1066,sp|P25666|,177
1067,sp|P04816|,63
1068,sp|P04816|,87
1069,sp|P04816|,160
1070,sp|P04816|,170
1071,sp|P04816|,327
1072,sp|P0A9D2|,6
1073,sp|P0A9D2|,122
1074,sp|P0A9D2|,141
1075,sp|P21169|,52
1076,sp|P21169|,169
1077,sp|P75876|,96
1078,sp|P75876|,267
1079,sp|P76055|,112
1080,sp|P0AB46|,68
1081,sp|P00959|,283
1082,sp|P00959|,363
1083,sp|P00959|,403
1084,sp|P00959|,466
1085,sp|P00959|,493
1086,sp|P00959|,529
1087,sp|P00959|,548
1088,sp|P00959|,609
1089,sp|P37759|,33
1090,sp|P37759|,226
1091,sp|P37759|,310
1092,sp|P37759|,318
1093,sp|P0ACE3|,8
1094,sp|P0ACE3|,58
1095,sp|P0ACE3|,69
1096,sp|P31806|,243
1097,sp|P0AEI6|,3
1098,sp|P0AEI6|,76
1099,sp|Q46948|,133
1100,sp|Q46948|,142
1101,sp|P37751|,337
1102,sp|P0A8G6|,28
1103,sp|P0AFU8|,18
1104,sp|P0AED0|,22
1105,sp|P0AED0|,101
1106,sp|P0ADY1|,109
1107,sp|P0ADY1|,277
1108,sp|P0ADY1|,511
1109,sp|P0ABC7|,125
1110,sp|P0ABC7|,316
1111,sp|P0ABC7|,368
1112,sp|P04994|,132
1113,sp|P0C093|,79
1114,sp|P30850|,52
1115,sp|P30850|,359
1116,sp|P21165|,9
1117,sp|P21165|,162
1118,sp|P21165|,265
1119,sp|P21165|,404
1120,sp|P21165|,410
1121,sp|P21165|,415
1122,sp|P52102|,85
1123,sp|P02358|,35
1124,sp|P02358|,53
1125,sp|P02358|,93
1126,sp|P02358|,104
1127,sp|P77748|,502
1128,sp|P77748|,657
1129,sp|P05793|,38
1130,sp|P05793|,75
1131,sp|P05793|,123
1132,sp|P05793|,166
1133,sp|P05793|,184
1134,sp|P05793|,192
1135,sp|P05793|,326
1136,sp|P05793|,336
1137,sp|P05793|,475
1138,sp|P0AES4|,573
1139,sp|P0AES4|,603
1140,sp|P0AES4|,754
1141,sp|P0A7N1|,2
1142,sp|P0A7N1|,60
1143,sp|P0ACG1|,98
1144,sp|P0ACG1|,107
1145,sp|P0ACG1|,117
1146,sp|P0AEX9|,51
1147,sp|P0AEX9|,201
1148,sp|P0AEX9|,205
1149,sp|P0AEX9|,277
1150,sp|P0AEX9|,331
1151,sp|P0AEX9|,339
1152,sp|P0AEX9|,388
1153,sp|P02925|,119
1154,sp|P02925|,143
1155,sp|P02925|,178
1156,sp|P02925|,268
1157,sp|P02925|,285
1158,sp|P37590|,6
1159,sp|P02930|,52
1160,sp|P0AAR3|,73
1161,sp|P0AAR3|,109
1162,sp|P0AAR3|,151
1163,sp|P0A7F6|,220
1164,sp|P0A7F6|,225
1165,sp|P0A7F6|,232
1166,sp|P02943|,77
1167,sp|P02943|,396
1168,sp|P0A7F3|,6
1169,sp|P0A7F3|,13
1170,sp|P0A7F3|,34
1171,sp|P0A7F3|,94
1172,sp|P0A7F3|,143
1173,sp|P03018|,389
1174,sp|P03841|,206
1175,sp|P03841|,281
1176,sp|P04036|,97
1177,sp|P04036|,163
1178,sp|P0AG67|,90
1179,sp|P0AG67|,115
1180,sp|P0AG67|,150
1181,sp|P0AG67|,155
1182,sp|P0AG67|,158
1183,sp|P0AG67|,229
1184,sp|P0AG67|,247
1185,sp|P0AG67|,260
1186,sp|P0AG67|,272
1187,sp|P0AG67|,347
1188,sp|P0AG67|,350
1189,sp|P0AG67|,363
1190,sp|P0AG67|,449
1191,sp|P0AG67|,457
1192,sp|P0AG67|,464
1193,sp|P0AG67|,528
1194,sp|P0ADY7|,34
1195,sp|P0ADY7|,71
1196,sp|P0ADY7|,123
1197,sp|P0ADY7|,127
1198,sp|P0AES0|,225
1199,sp|P0AES0|,618
1200,sp|P18133|,397
1201,sp|P09323|,647
1202,sp|P04949|,42
1203,sp|P04949|,59
1204,sp|P04949|,166
1205,sp|P04949|,311
1206,sp|P04949|,360
1207,sp|P04949|,423
1208,sp|P11557|,371
1209,sp|P11557|,418
1210,sp|P76002|,57
1211,sp|P76002|,106
1212,sp|P76002|,125
1213,sp|P0AFW0|,100
1214,sp|P0AEH3|,55
1215,sp|P0AEH3|,67
1216,sp|P0A8Z3|,133
1217,sp|P21156|,109
1218,sp|P21156|,161
1219,sp|P21156|,177
1220,sp|P0AE39|,143
1221,sp|P0AC59|,14
1222,sp|P0AC59|,46
1223,sp|P0AC59|,53
1224,sp|P0AC59|,75
1225,sp|P0AC59|,81
1226,sp|P0AC59|,156
1227,sp|P04995|,287
1228,sp|P04995|,405
1229,sp|P33363|,43
1230,sp|P33363|,336
1231,sp|P33363|,353
1232,sp|P33363|,408
1233,sp|P33363|,623
1234,sp|P0AFM6|,81
1235,sp|P0AFM6|,128
1236,sp|P0AFM6|,160
1237,sp|P0AFM6|,189
1238,sp|P0AFM6|,214
1239,sp|P76316|,305
1240,sp|P0AG16|,195
1241,sp|P0ACJ8|,5
1242,sp|P0ACJ8|,23
1243,sp|P0ACJ8|,27
1244,sp|P0ACJ8|,53
1245,sp|P0ACJ8|,101
1246,sp|P0ACJ8|,131
1247,sp|P0ACJ8|,153
1248,sp|P0ACJ8|,189
1249,sp|P0ACJ8|,202
1250,sp|P38489|,9
1251,sp|P38489|,62
1252,sp|P38489|,130
1253,sp|P31057|,2
1254,sp|P31057|,11
1255,sp|P0AFY8|,34
1256,sp|P0AFY8|,60
1257,sp|P0AFY8|,85
1258,sp|P0AFY8|,138
1259,sp|P05459|,57
1260,sp|P05459|,184
1261,sp|P05459|,198
1262,sp|P05459|,310
1263,sp|P46118|,129
1264,sp|P05791|,237
1265,sp|P0A9K7|,163
1266,sp|P07623|,46
1267,sp|P07623|,47
1268,sp|P07623|,163
1269,sp|P67910|,34
1270,sp|P67910|,135
1271,sp|P67910|,208
1272,sp|P67910|,267
1273,sp|P0ADV1|,83
1274,sp|P0ADV1|,103
1275,sp|P0ADV1|,140
1276,sp|P05824|,71
1277,sp|P06149|,323
1278,sp|P06149|,344
1279,sp|P06149|,543
1280,sp|P0AF48|,106
1281,sp|P67603|,82
1282,sp|P0A7E9|,6
1283,sp|P0A7E9|,10
1284,sp|P0A7E9|,166
1285,sp|P0A7E9|,222
1286,sp|P39371|,315
1287,sp|P0AEM9|,85
1288,sp|P0AEM9|,88
1289,sp|P0AEM9|,99
1290,sp|P0AEM9|,134
1291,sp|P0AEM9|,148
1292,sp|P0AEM9|,206
1293,sp|P0AEM9|,207
1294,sp|P0A9Q7|,81
1295,sp|P0A9Q7|,129
1296,sp|P0A9Q7|,277
1297,sp|P0A9Q7|,280
1298,sp|P0A9Q7|,355
1299,sp|P0A9Q7|,388
1300,sp|P0A9Q7|,455
1301,sp|P0A9Q7|,480
1302,sp|P0A9Q7|,536
1303,sp|P0A9Q7|,683
1304,sp|P0A9Q7|,813
1305,sp|P0ACP1|,2
1306,sp|P0A8T7|,9
1307,sp|P0A8T7|,13
1308,sp|P0A8T7|,325
1309,sp|P0A8T7|,332
1310,sp|P0A8T7|,521
1311,sp|P0A8T7|,531
1312,sp|P0A8T7|,566
1313,sp|P0A8T7|,570
1314,sp|P0A8T7|,649
1315,sp|P0A8T7|,850
1316,sp|P0A8T7|,911
1317,sp|P0A8T7|,964
1318,sp|P0A8T7|,983
1319,sp|P0A8T7|,996
1320,sp|P0A8T7|,1340
1321,sp|P0A8T7|,1348
1322,sp|P35340|,7
1323,sp|P35340|,11
1324,sp|P35340|,53
1325,sp|P35340|,399
1326,sp|P07363|,131
1327,sp|P06988|,44
1328,sp|P06988|,60
1329,sp|P06988|,218
1330,sp|P0A9J8|,64
1331,sp|P0A9J8|,112
1332,sp|P0A9J8|,227
1333,sp|P0A9J8|,360
1334,sp|P16700|,71
1335,sp|P16700|,146
1336,sp|P16700|,153
1337,sp|P16700|,171
1338,sp|P16700|,295
1339,sp|P16700|,299
1340,sp|P0ADE6|,8
1341,sp|P0ADE6|,24
1342,sp|P0ADE6|,102
1343,sp|P0ADE6|,129
1344,sp|P0ADE6|,133
1345,sp|P0ADE6|,137
1346,sp|P07003|,334
1347,sp|P23865|,171
1348,sp|P23865|,308
1349,sp|P23865|,581
1350,sp|P0A800|,35
1351,sp|P0A7J0|,127
1352,sp|P0A8L1|,24
1353,sp|P0A8L1|,29
1354,sp|P0A8L1|,43
1355,sp|P0A8L1|,166
1356,sp|P07024|,153
1357,sp|P07024|,159
1358,sp|P07024|,320
1359,sp|P45577|,54
1360,sp|P45577|,75
1361,sp|P0A9D8|,60
1362,sp|P0A9D8|,85
1363,sp|P0A9D8|,89
1364,sp|P0A9D8|,241
1365,sp|P0A9D8|,263
1366,sp|P38038|,102
1367,sp|P38038|,171
1368,sp|P0A998|,3
1369,sp|P0A998|,135
1370,sp|P0A998|,140
1371,sp|P06959|,302
1372,sp|P06959|,317
1373,sp|P06959|,346
1374,sp|P06959|,366
1375,sp|P06959|,431
1376,sp|P06959|,531
1377,sp|P06959|,587
1378,sp|P0ADN2|,15
1379,sp|P0ADN2|,30
1380,sp|P0ADN2|,49
1381,sp|P0ADN2|,80
1382,sp|P0ADN2|,98
1383,sp|P07650|,321
1384,sp|P07913|,284
1385,sp|P07913|,323
1386,sp|P31130|,74
1387,sp|P60664|,37
1388,sp|P60664|,168
1389,sp|P60664|,194
1390,sp|P0A9F3|,76
1391,sp|P0A9F3|,92
1392,sp|P0A9F3|,181
1393,sp|P17846|,127
1394,sp|P17846|,131
1395,sp|P17846|,320
1396,sp|P21179|,294
1397,sp|P21179|,693
1398,sp|P08200|,12
1399,sp|P08200|,55
1400,sp|P08200|,100
1401,sp|P08200|,177
1402,sp|P08200|,186
1403,sp|P08200|,199
1404,sp|P08200|,230
1405,sp|P08200|,235
1406,sp|P08200|,242
1407,sp|P08200|,387
1408,sp|P08200|,401
1409,sp|P37051|,17
1410,sp|P37051|,29
1411,sp|P37051|,264
1412,sp|P37095|,148
1413,sp|P08331|,93
1414,sp|P08331|,327
1415,sp|P27128|,104
1416,sp|P0ADG4|,21
1417,sp|P0ADG4|,160
1418,sp|P0ADG4|,266
1419,sp|P0A8W2|,143
1420,sp|P08956|,824
1421,sp|P04951|,19
1422,sp|P04951|,27
1423,sp|P0A6E6|,101
1424,sp|P0A6E6|,136
1425,sp|P46837|,42
1426,sp|P46837|,156
1427,sp|P46837|,198
1428,sp|P46837|,341
1429,sp|P46837|,463
1430,sp|P46837|,601
1431,sp|P76658|,2
1432,sp|P76658|,179
1433,sp|P0ADZ4|,47
1434,sp|P0ADZ4|,65
1435,sp|P0ADZ4|,71
1436,sp|P0A6P1|,24
1437,sp|P0A6P1|,104
1438,sp|P0A6P1|,112
1439,sp|P0A6P1|,159
1440,sp|P0A6P1|,177
1441,sp|P0A6P1|,182
1442,sp|P0A6P1|,214
1443,sp|P0A6P1|,247
1444,sp|P0A847|,2
1445,sp|P0C054|,98
1446,sp|P39172|,111
1447,sp|P39172|,116
1448,sp|P39172|,130
1449,sp|P39172|,161
1450,sp|P39172|,172
1451,sp|P39172|,201
1452,sp|P39172|,249
1453,sp|P39172|,286
1454,sp|P08997|,157
1455,sp|P08997|,175
1456,sp|P08997|,305
1457,sp|P08997|,337
1458,sp|P09424|,2
1459,sp|P09424|,261
1460,sp|P09424|,269
1461,sp|P09424|,276
1462,sp|P09424|,287
1463,sp|P09424|,309
1464,sp|P0A6N4|,54
1465,sp|P0A6N4|,152
1466,sp|P0A8A4|,125
1467,sp|P37902|,78
1468,sp|P37902|,83
1469,sp|P37902|,146
1470,sp|P37902|,152
1471,sp|P37902|,185
1472,sp|P37902|,247
1473,sp|P37902|,268
1474,sp|P37902|,294
1475,sp|P0A9A6|,140
1476,sp|P0A9A6|,170
1477,sp|P0AEH5|,35
1478,sp|P0AEH5|,51
1479,sp|P0A7I4|,180
1480,sp|P0A7I4|,187
1481,sp|P12758|,3
1482,sp|P12758|,40
1483,sp|P12758|,43
1484,sp|P12758|,235
1485,sp|P0A6A3|,296
1486,sp|P0A6A3|,368
1487,sp|P31663|,39
1488,sp|P31663|,86
1489,sp|P31663|,206
1490,sp|P31663|,259
1491,sp|P52061|,107
1492,sp|P0A6C1|,210
1493,sp|P0A6C1|,221
1494,sp|P0A6C5|,6
1495,sp|P0A6C5|,92
1496,sp|P05458|,239
1497,sp|P05458|,462
1498,sp|P05458|,833
1499,sp|P69797|,55
1500,sp|P69797|,286
1501,sp|P69797|,292
1502,sp|P69797|,320
1503,sp|P37903|,77
1504,sp|P37903|,96
1505,sp|P37903|,104
1506,sp|P06989|,50
1507,sp|P06989|,137
1508,sp|P0C8J6|,7
1509,sp|P0C8J6|,86
1510,sp|P0C8J6|,93
1511,sp|P0C8J6|,216
1512,sp|P0C8J6|,244
1513,sp|P0C8J6|,264
1514,sp|P33644|,63
1515,sp|P69910|,21
1516,sp|P69910|,192
1517,sp|P69910|,446
1518,sp|P69910|,453
1519,sp|P69910|,464
1520,sp|P33219|,48
1521,sp|P33219|,83
1522,sp|P33219|,86
1523,sp|P0A6F3|,5
1524,sp|P0A6F3|,92
1525,sp|P0A6F3|,141
1526,sp|P0A6F3|,143
1527,sp|Q46845|,16
1528,sp|Q46845|,253
1529,sp|P0A8G0|,609
1530,sp|P0AEE5|,52
1531,sp|P0AEE5|,115
1532,sp|P0AEE5|,127
1533,sp|P0AEE5|,170
1534,sp|P0AEE5|,187
1535,sp|P0AEE5|,214
1536,sp|P0AEE5|,299
1537,sp|P0AEE5|,308
1538,sp|P0AEE5|,323
1539,sp|P0AEE5|,331
1540,sp|P0A6E4|,6
1541,sp|P0A6E4|,133
1542,sp|P0A6E4|,383
1543,sp|P0A6E4|,391
1544,sp|P0A6E4|,418
1545,sp|P10384|,261
1546,sp|P0A6H1|,85
1547,sp|P0A6H1|,97
1548,sp|P0A6H5|,80
1549,sp|P0A6H5|,85
1550,sp|P0A6P5|,335
1551,sp|P0A6P5|,458
1552,sp|P18956|,136
1553,sp|P18956|,527
1554,sp|P0A6K6|,220
1555,sp|P0A6K6|,271
1556,sp|P0A6L0|,5
1557,sp|P0A6L0|,61
1558,sp|P0A6L0|,201
1559,sp|P0ACP7|,41
1560,sp|P0ACP7|,114
1561,sp|P0A6L4|,256
1562,sp|P77735|,8
1563,sp|P77735|,88
1564,sp|P77735|,237
1565,sp|P77735|,241
1566,sp|P12295|,170
1567,sp|P0A951|,126
1568,sp|P0A951|,130
1569,sp|P0A951|,182
1570,sp|P62768|,31
1571,sp|P62768|,44
1572,sp|P62768|,67
1573,sp|P62768|,99
1574,sp|P45578|,45
1575,sp|P45578|,105
1576,sp|P45578|,163
1577,sp|P45578|,165
1578,sp|P0A7A9|,95
1579,sp|P0A7A9|,105
1580,sp|P0A7A9|,113
1581,sp|P0A7A9|,116
1582,sp|P0A7A9|,122
1583,sp|P0A7A9|,143
1584,sp|P0A7A9|,152
1585,sp|P0A6N8|,40
1586,sp|P0A6N8|,51
1587,sp|P0A6N8|,57
1588,sp|P0AFB8|,271
1589,sp|P0AFB8|,292
1590,sp|P0AGC3|,178
1591,sp|P0AGC3|,491
1592,sp|P0A6V8|,128
1593,sp|P0A6V8|,273
1594,sp|P0A6T5|,6
1595,sp|P0A6T5|,95
1596,sp|P0A6T5|,129
1597,sp|P0A6T5|,137
1598,sp|P0A6T5|,205
1599,sp|P22525|,518
1600,sp|P0A850|,37
1601,sp|P0A850|,48
1602,sp|P0A850|,81
1603,sp|P0A850|,83
1604,sp|P0A850|,152
1605,sp|P0A850|,203
1606,sp|P0A850|,232
1607,sp|P0A850|,238
1608,sp|P0A850|,254
1609,sp|P0A850|,287
1610,sp|P0A850|,327
1611,sp|P0A850|,342
1612,sp|P0A850|,361
1613,sp|P0A850|,390
1614,sp|P0A850|,392
1615,sp|P0A9G6|,13
1616,sp|P0A9G6|,34
1617,sp|P0A9G6|,52
1618,sp|P0A9G6|,62
1619,sp|P0A9G6|,193
1620,sp|P0A9G6|,308
1621,sp|P0A9G6|,331
1622,sp|P0A9G6|,381
1623,sp|P0A9G6|,391
1624,sp|P76344|,39
1625,sp|P76344|,80
1626,sp|P76344|,88
1627,sp|P76344|,94
1628,sp|P76344|,134
1629,sp|P76344|,139
1630,sp|P76344|,152
1631,sp|P76344|,160
1632,sp|P0ADE8|,68
1633,sp|P0ADE8|,99
1634,sp|Q47702|,95
1635,sp|P21369|,111
1636,sp|P52106|,196
1637,sp|P64483|,52
1638,sp|P0A8C4|,188
1639,sp|P15254|,60
1640,sp|P15254|,409
1641,sp|P15254|,638
1642,sp|P0A7G2|,60
1643,sp|P0A7G2|,85
1644,sp|P0A7G2|,118
1645,sp|P0A7G2|,131
1646,sp|P0A6W5|,22
1647,sp|P0A6W5|,43
1648,sp|P0A6W5|,133
1649,sp|P68206|,11
1650,sp|P68206|,35
1651,sp|P68206|,42
1652,sp|P68206|,56
1653,sp|P37329|,93
1654,sp|P37329|,120
1655,sp|P00960|,250
1656,sp|P00960|,301
1657,sp|P16676|,9
1658,sp|P0AD59|,44
1659,sp|P0AD59|,55
1660,sp|P0AGD7|,28
1661,sp|P0AGD7|,386
1662,sp|P0AGD7|,418
1663,sp|P0AEU0|,98
1664,sp|P0AEU0|,108
1665,sp|P0AEU0|,120
1666,sp|P0AEU0|,132
1667,sp|P0AEU0|,201
1668,sp|P0AEU0|,208
1669,sp|P0AEU0|,223
1670,sp|P0AEU0|,234
1671,sp|P60624|,17
1672,sp|P60624|,43
1673,sp|P60624|,47
1674,sp|P60624|,97
1675,sp|P39356|,259
1676,sp|P77721|,11
1677,sp|P77721|,80
1678,sp|P33599|,49
1679,sp|P33599|,61
1680,sp|P33599|,385
1681,sp|P33599|,401
1682,sp|P33599|,466
1683,sp|P0AE08|,7
1684,sp|P0AE08|,12
1685,sp|P0AE08|,17
1686,sp|P0AE08|,27
1687,sp|P0AE08|,80
1688,sp|P0AE08|,91
1689,sp|P0AE08|,93
1690,sp|P0AE08|,169
1691,sp|P0AE08|,171
1692,sp|P31808|,6
1693,sp|P31808|,247
1694,sp|P23847|,81
1695,sp|P23847|,89
1696,sp|P23847|,100
1697,sp|P23847|,196
1698,sp|P23847|,227
1699,sp|P23847|,319
1700,sp|P23847|,324
1701,sp|P23847|,364
1702,sp|P23847|,419
1703,sp|P23847|,482
1704,sp|P23847|,514
1705,sp|P23847|,517
1706,sp|P23847|,526
1707,sp|P0A7D4|,82
1708,sp|P0A7D4|,85
1709,sp|P0A7D4|,141
1710,sp|P0A7D4|,155
1711,sp|P0A7D4|,161
1712,sp|P0A7D4|,340
1713,sp|P0A7D4|,343
1714,sp|P0A7D4|,401
1715,sp|P0A8P3|,28
1716,sp|P0A8P3|,36
1717,sp|P0A8P3|,45
1718,sp|P0A8P3|,90
1719,sp|P0A8X2|,113
1720,sp|P0A8X2|,151
1721,sp|P0AB43|,20
1722,sp|P0ADP9|,61
1723,sp|P0ADP9|,70
1724,sp|P0ADP9|,77
1725,sp|P05194|,7
1726,sp|P0AGJ5|,63
1727,sp|P0AGJ5|,179
1728,sp|P0AGJ5|,285
1729,sp|P52697|,147
1730,sp|P52697|,287
1731,sp|P52697|,314
1732,sp|P23843|,56
1733,sp|P23843|,96
1734,sp|P23843|,195
1735,sp|P23843|,320
1736,sp|P23843|,365
1737,sp|P23843|,372
1738,sp|P23843|,398
1739,sp|P23843|,409
1740,sp|P23843|,424
1741,sp|P23843|,494
1742,sp|P23843|,501
1743,sp|P23843|,518
1744,sp|P23843|,527
1745,sp|P23843|,542
1746,sp|Q46856|,42
1747,sp|Q46856|,233
1748,sp|P23845|,108
1749,sp|P76231|,76
1750,sp|P0A927|,66
1751,sp|P39310|,8
1752,sp|P39310|,137
1753,sp|P22259|,87
1754,sp|P22259|,91
1755,sp|P22259|,95
1756,sp|P22259|,106
1757,sp|P22259|,262
1758,sp|P22259|,294
1759,sp|P22259|,453
1760,sp|P0A794|,228
1761,sp|P0AGG0|,188
1762,sp|P76270|,3
1763,sp|P76270|,157
1764,sp|P76268|,170
1765,sp|P24251|,83
1766,sp|P24251|,88
1767,sp|P24251|,106
1768,sp|P0A7A7|,98
1769,sp|P75694|,32
1770,sp|P75694|,55
1771,sp|P75694|,65
1772,sp|P75694|,89
1773,sp|P0C0V0|,287
1774,sp|P0C0V0|,304
1775,sp|P0C0V0|,307
1776,sp|P0C0V0|,428
1777,sp|P0A7B5|,301
1778,sp|P0A7B8|,81
1779,sp|P0AFX4|,40
1780,sp|P0AFX4|,79
1781,sp|P0AC19|,22
1782,sp|P0AC19|,62
1783,sp|P45523|,42
1784,sp|P45523|,47
1785,sp|P45523|,65
1786,sp|P45523|,73
1787,sp|P45523|,157
1788,sp|P45523|,162
1789,sp|P45523|,172
1790,sp|P45523|,179
1791,sp|P45523|,216
1792,sp|P60546|,203
1793,sp|P30864|,178
1794,sp|P00547|,55
1795,sp|P00547|,224
1796,sp|P00547|,227
1797,sp|P00547|,285
1798,sp|P0ADV7|,37
1799,sp|P0ADV7|,43
1800,sp|P0ADV7|,83
1801,sp|P0ADV7|,188
1802,sp|P0ADV7|,204
1803,sp|P0AF24|,129
1804,sp|P0AF24|,176
1805,sp|P06974|,108
1806,sp|P43533|,112
1807,sp|P32132|,122
1808,sp|P32132|,337
1809,sp|P32132|,509
1810,sp|P32132|,541
1811,sp|P08957|,164
1812,sp|P32157|,213
1813,sp|P0C0L2|,16
1814,sp|P0C0L2|,19
1815,sp|P0ABP8|,54
1816,sp|P0ABP8|,84
1817,sp|P0ABP8|,100
1818,sp|P36548|,210
1819,sp|P24171|,348
1820,sp|P24171|,669
1821,sp|P0AG14|,259
1822,sp|P0AB24|,162
1823,sp|P0AB24|,212
1824,sp|P0A7K6|,14
1825,sp|P0A7K6|,37
1826,sp|P0A7K6|,87
1827,sp|P0A7K6|,96
1828,sp|P60390|,194
1829,sp|P60390|,286
1830,sp|P0A715|,55
1831,sp|P0A715|,79
1832,sp|P0A715|,85
1833,sp|P0A715|,138
1834,sp|P0A715|,154
1835,sp|P0A715|,156
1836,sp|P0A715|,265
1837,sp|P0A715|,268
1838,sp|P0A715|,275
1839,sp|P37647|,162
1840,sp|P37647|,285
1841,sp|P0A7M2|,44
1842,sp|P21499|,30
1843,sp|P21499|,105
1844,sp|P21499|,369
1845,sp|P21499|,544
1846,sp|P0A7N4|,7
1847,sp|P0AG59|,19
1848,sp|P0AG59|,97
1849,sp|P60906|,53
1850,sp|P60906|,370
1851,sp|P0ACW6|,59
1852,sp|P64534|,50
1853,sp|P64534|,67
1854,sp|P64534|,102
1855,sp|P0A7U7|,44
1856,sp|P0A7U7|,49
1857,sp|P0A7X6|,64
1858,sp|P0A7X6|,146
1859,sp|P0A7X6|,152
1860,sp|P76014|,52
1861,sp|P69811|,259
1862,sp|P60560|,12
1863,sp|P23869|,14
1864,sp|P23869|,25
1865,sp|P23869|,65
1866,sp|P23869|,69
1867,sp|P23869|,77
1868,sp|P69924|,10
1869,sp|P69924|,33
1870,sp|P0A894|,194
1871,sp|P0A894|,203
1872,sp|P0A7Z0|,7
1873,sp|P0A7Z0|,59
1874,sp|P0A7Z0|,149
1875,sp|P0A7Y0|,102
1876,sp|P77202|,45
1877,sp|P77202|,111
1878,sp|P77202|,174
1879,sp|P0A7G6|,24
1880,sp|P0A7G6|,233
1881,sp|P0A7G6|,295
1882,sp|P0A7G6|,311
1883,sp|P76558|,27
1884,sp|P76558|,183
1885,sp|P76558|,237
1886,sp|P39199|,309
1887,sp|P0ACZ4|,89
1888,sp|P0ACZ4|,146
1889,sp|P0ACZ4|,159
1890,sp|P0ACZ4|,167
1891,sp|P76372|,168
1892,sp|P0A809|,66
1893,sp|P0A8X0|,117
1894,sp|P0AFH8|,74
1895,sp|P0AFH8|,118
1896,sp|P0AFH8|,130
1897,sp|P0AFH8|,195
1898,sp|P0AF08|,30
1899,sp|P0AF08|,86
1900,sp|P0AF08|,116
1901,sp|P0A790|,115
1902,sp|P0A790|,119
1903,sp|P0A722|,220
1904,sp|P0A722|,233
1905,sp|P67087|,273
1906,sp|P0AF18|,139
1907,sp|P13669|,199
1908,sp|P31658|,115
1909,sp|P31658|,124
1910,sp|P31069|,305
1911,sp|P31069|,349
1912,sp|P0AB80|,47
1913,sp|P26612|,456
1914,sp|P76034|,73
1915,sp|P39286|,85
1916,sp|P04825|,286
1917,sp|P0A853|,5
1918,sp|P0A853|,20
1919,sp|P0A853|,115
1920,sp|P0A853|,156
1921,sp|P0A853|,168
1922,sp|P0A853|,218
1923,sp|P0A853|,219
1924,sp|P0A853|,239
1925,sp|P0A853|,246
1926,sp|P0A853|,259
1927,sp|P0A853|,269
1928,sp|P0A853|,406
1929,sp|P0A853|,409
1930,sp|P0A853|,443
1931,sp|P0A853|,450
1932,sp|P0A853|,459
1933,sp|P0A853|,467
1934,sp|P0ABA0|,58
1935,sp|P0ABA0|,81
1936,sp|P0AAI9|,206
1937,sp|P0AAI9|,211
1938,sp|P0AAI9|,286
1939,sp|P0A855|,67
1940,sp|P0A855|,155
1941,sp|P0A855|,160
1942,sp|P0A855|,257
1943,sp|P0AEY5|,11
1944,sp|P36649|,470
1945,sp|P0A8F0|,7
1946,sp|P0A8F0|,26
1947,sp|P0A8F0|,67
1948,sp|P0A8F0|,70
1949,sp|P76116|,197
1950,sp|P76116|,302
1951,sp|P0AET2|,93
1952,sp|P0AET2|,99
1953,sp|P17115|,286
1954,sp|P04968|,51
1955,sp|P0A862|,24
1956,sp|P0A862|,46
1957,sp|P0A862|,48
1958,sp|P15288|,83
1959,sp|P15288|,212
1960,sp|P15288|,229
1961,sp|P15288|,438
1962,sp|P0AF50|,25
1963,sp|P41407|,133
1964,sp|P76243|,32
1965,sp|P18775|,470
1966,sp|P18775|,703
1967,sp|P64554|,194
1968,sp|P0ACA7|,97
1969,sp|P0A8Y3|,35
1970,sp|P0AG44|,56
1971,sp|P0A7R5|,30
1972,sp|P0A7R5|,46
1973,sp|P0A7R5|,59
1974,sp|P0A7R5|,82
1975,sp|P08244|,177
1976,sp|P36683|,73
1977,sp|P36683|,373
1978,sp|P36683|,387
1979,sp|P36683|,567
1980,sp|P36683|,728
1981,sp|P69428|,62
1982,sp|P0AA16|,144
1983,sp|P0AA16|,184
1984,sp|P0AA39|,174
1985,sp|P0AA39|,309
1986,sp|P0AAB4|,96
1987,sp|P0AAG8|,117
1988,sp|P0AAG8|,125
1989,sp|P0ACL9|,61
1990,sp|P0AAJ8|,109
1991,sp|P0AAJ8|,221
1992,sp|P0AAQ6|,104
1993,sp|P0A6P7|,50
1994,sp|P0A6P7|,105
1995,sp|P0AEP3|,31
1996,sp|P0AEP3|,204
1997,sp|P0AAT2|,55
1998,sp|P0AF03|,140
1999,sp|P0AB14|,7
2000,sp|P0AB14|,57
2001,sp|P0AES9|,100
2002,sp|P0AES9|,105
2003,sp|P78067|,94
2004,sp|P78067|,106
2005,sp|P69503|,12
2006,sp|P69503|,16
2007,sp|P0A6Q6|,128
2008,sp|P0AB83|,165
2009,sp|P0A8D0|,92
2010,sp|P0AB89|,34
2011,sp|P0AB89|,46
2012,sp|P0AB89|,94
2013,sp|P0AB89|,101
2014,sp|P0AB89|,400
2015,sp|P33602|,276
2016,sp|P33602|,687
2017,sp|P0AD49|,8
2018,sp|P0AD49|,29
2019,sp|P0AD49|,102
2020,sp|P0A9T0|,8
2021,sp|P0A9T0|,12
2022,sp|P0A9T0|,22
2023,sp|P0A9T0|,39
2024,sp|P0A9T0|,48
2025,sp|P0A9T0|,141
2026,sp|P0A9T0|,224
2027,sp|P0A8W8|,136
2028,sp|P0AEG6|,35
2029,sp|P0AEG6|,102
2030,sp|P0AEG6|,167
2031,sp|P0AEG6|,223
2032,sp|P0A6I3|,137
2033,sp|P0AEG4|,77
2034,sp|P31550|,75
2035,sp|P65556|,166
2036,sp|P0A8F4|,85
2037,sp|P69913|,38
2038,sp|P10408|,8
2039,sp|P10408|,237
2040,sp|P10408|,625
2041,sp|P76403|,3
2042,sp|P76403|,14
2043,sp|P76403|,287
2044,sp|P0A9S7|,119
2045,sp|P0ABW9|,50
2046,sp|P0ADZ7|,104
2047,sp|P0C8J8|,111
2048,sp|P0AC47|,234
2049,sp|P0AC47|,242
2050,sp|P0ACY1|,40
2051,sp|P0ACR9|,39
2052,sp|P0ADZ0|,26
2053,sp|P0ADZ0|,33
2054,sp|P0A6R3|,32
2055,sp|P0A910|,85
2056,sp|P0A910|,94
2057,sp|P0A910|,218
2058,sp|P0A910|,288
2059,sp|P0A955|,24
2060,sp|P0A955|,34
2061,sp|P0A955|,133
2062,sp|P0ACA3|,184
2063,sp|P30750|,9
2064,sp|P30750|,184
2065,sp|P10371|,107
2066,sp|P10371|,232
2067,sp|P20966|,82
2068,sp|P0A7S9|,13
2069,sp|P0A7S9|,78
2070,sp|P0ADS6|,154
2071,sp|P36938|,186
2072,sp|P36938|,273
2073,sp|P0A6Q3|,10
2074,sp|P0A6Q3|,42
2075,sp|P0A6Q3|,123
2076,sp|P0C018|,63
2077,sp|P0C018|,68
2078,sp|P0C018|,76
2079,sp|P0C018|,88
2080,sp|P60595|,28
2081,sp|P0AEZ3|,11
2082,sp|P0AEZ3|,16
2083,sp|P0AEZ3|,30
2084,sp|P0AEZ3|,104
2085,sp|P0AEZ3|,175
2086,sp|P56262|,263
2087,sp|P39831|,26
2088,sp|P39831|,191
2089,sp|P0ACY3|,394
2090,sp|P0ACY3|,426
2091,sp|P63224|,140
2092,sp|P0A9L5|,13
2093,sp|P0A9L5|,33
2094,sp|P64588|,172
2095,sp|P06992|,205
2096,sp|P0ABD8|,100
2097,sp|P30136|,511
2098,sp|P30136|,528
2099,sp|P0AFF6|,111
2100,sp|P0AFF6|,143
2101,sp|P0AC62|,46
2102,sp|P0ADT8|,138
2103,sp|P0ADR6|,306
2104,sp|P0A9C3|,253
2105,sp|P0ADT5|,247
2106,sp|P0AEU7|,51
2107,sp|P0AEU7|,67
2108,sp|P0AEU7|,75
2109,sp|P0AEU7|,97
2110,sp|P0AEU7|,158
2111,sp|P76010|,10
2112,sp|P0ADV9|,97
2113,sp|P26646|,188
2114,sp|Q93K97|,125
2115,sp|P0AFR4|,102
2116,sp|P64506|,36
2117,sp|P0A9W9|,158
2118,sp|P0AE06|,78
2119,sp|P0AE06|,354
2120,sp|P76549|,59
2121,sp|P76536|,181
2122,sp|P76536|,272
2123,sp|P06983|,24
2124,sp|P0A877|,12
2125,sp|P0A877|,199
2126,sp|P0A877|,201
2127,sp|P0A877|,263
2128,sp|P76423|,120
2129,sp|P0AES6|,299
2130,sp|P0AES6|,536
2131,sp|P0AEC3|,218
2132,sp|P0AEB7|,103
2133,sp|P0ADR8|,415
2134,sp|P0AEJ6|,23
2135,sp|P24188|,39
2136,sp|P0AEQ1|,73
2137,sp|P21170|,175
2138,sp|P21170|,192
2139,sp|P0A7M6|,44
2140,sp|P0A7M6|,54
2141,sp|P64463|,27
2142,sp|P61887|,267
2143,sp|P60716|,216
2144,sp|P09151|,252
2145,sp|P40120|,139
2146,sp|P0AE91|,106
2147,sp|P0AE91|,137
2148,sp|P45579|,43
2149,sp|P30137|,77
2150,sp|P30177|,186
2151,sp|P0A6U5|,33
2152,sp|P37648|,384
2153,sp|P0AF20|,391
2154,sp|P0AFA2|,69
2155,sp|P37760|,145
2156,sp|P37760|,164
2157,sp|P24255|,193
2158,sp|P24255|,331
2159,sp|P25539|,349
2160,sp|P0AFD6|,134
2161,sp|P30125|,150
2162,sp|P30125|,160
2163,sp|P67660|,293
2164,sp|P0ACJ0|,154
2165,sp|P0AFK0|,340
2166,sp|P16456|,173
2167,sp|P0AFM2|,128
2168,sp|P0AFM2|,136
2169,sp|P0AFM2|,142
2170,sp|P23839|,233
2171,sp|P0A9W6|,68
2172,sp|P00579|,257
2173,sp|P0AA43|,5
2174,sp|P77285|,148
2175,sp|Q46868|,31
2176,sp|P76170|,51
2177,sp|P76170|,74
2178,sp|P0A887|,21
2179,sp|P0A887|,80
2180,sp|P0A887|,181
2181,sp|P77718|,35
2182,sp|P77718|,265
2183,sp|P77718|,442
2184,sp|P77718|,478
2185,sp|P0A8E1|,48
2186,sp|P0A8E1|,162
2187,sp|P07023|,25
2188,sp|P0ACX3|,68
2189,sp|P0AG80|,102
2190,sp|P31825|,16
2191,sp|P0A7Y4|,122
2192,sp|P24203|,159
2193,sp|P77808|,240
2194,sp|P0A9Z1|,3
2195,sp|P0A9Z1|,9
2196,sp|P0A9Z1|,12
2197,sp|P0A9Z1|,90
2198,sp|P0C0K3|,55
2199,sp|P0AC13|,192
2200,sp|P0AC13|,260
2201,sp|P46887|,66
2202,sp|P04425|,148
2203,sp|P77781|,122
2204,sp|P0A9G8|,14
2205,sp|P11349|,237
2206,sp|P09169|,297
2207,sp|P11880|,311
2208,sp|P12281|,279
2209,sp|P67826|,151
2210,sp|P0AC81|,22
2211,sp|P0AC81|,27
2212,sp|P0A6C8|,60
2213,sp|P14175|,12
2214,sp|P14175|,23
2215,sp|P14175|,277
2216,sp|P17117|,234
2217,sp|P15977|,528
2218,sp|P30744|,27
2219,sp|P30744|,40
2220,sp|P30744|,433
2221,sp|P0A6E9|,190
2222,sp|P52643|,9
2223,sp|P52643|,93
2224,sp|P52643|,164
2225,sp|P28635|,97
2226,sp|P28635|,269
2227,sp|P06987|,331
2228,sp|P17315|,293
2229,sp|P0A948|,163
2230,sp|P0ACS7|,205
2231,sp|P0ABD5|,99
2232,sp|P07102|,96
2233,sp|P21338|,185
2234,sp|P21338|,193
2235,sp|P21338|,206
2236,sp|P21367|,37
2237,sp|P76027|,139
2238,sp|P76027|,154
2239,sp|P0A7A2|,90
2240,sp|P21513|,37
2241,sp|P21513|,71
2242,sp|P32162|,46
2243,sp|P25745|,191
2244,sp|P75792|,34
2245,sp|P22564|,212
2246,sp|P23331|,187
2247,sp|P23522|,85
2248,sp|P0AFC7|,41
2249,sp|P36979|,33
2250,sp|P0ACC3|,32
2251,sp|P23857|,59
2252,sp|P23909|,507
2253,sp|P30871|,432
2254,sp|P64455|,60
2255,sp|P24215|,201
2256,sp|P24216|,382
2257,sp|P24232|,40
2258,sp|P0A729|,3
2259,sp|P0A729|,141
2260,sp|P0A729|,152
2261,sp|P0AEE1|,101
2262,sp|P05020|,182
2263,sp|P61949|,28
2264,sp|P25740|,153
2265,sp|P27240|,78
2266,sp|P27242|,349
2267,sp|P27245|,24
2268,sp|P0A9A9|,9
2269,sp|P0A9A9|,14
2270,sp|P0A9A9|,41
2271,sp|P23538|,323
2272,sp|P23538|,329
2273,sp|P27306|,261
2274,sp|P27306|,370
2275,sp|P27828|,341
2276,sp|P27828|,370
2277,sp|P28306|,45
2278,sp|P28904|,207
2279,sp|P09053|,353
2280,sp|P52060|,57
2281,sp|P52060|,70
2282,sp|P23917|,206
2283,sp|P03007|,53
2284,sp|P31224|,252
2285,sp|P31554|,486
2286,sp|P31554|,490
2287,sp|P0A7E3|,26
2288,sp|P45955|,208
2289,sp|P00963|,16
2290,sp|P32176|,795
2291,sp|P32176|,877
2292,sp|P0A6D0|,52
2293,sp|P33348|,58
2294,sp|P33355|,15
2295,sp|P76193|,231
2296,sp|P76193|,238
2297,sp|P33937|,164
2298,sp|P0AEI4|,179
2299,sp|P0A8U0|,124
2300,sp|P36672|,4
2301,sp|P0AF56|,170
2302,sp|P36767|,108
2303,sp|P37005|,24
2304,sp|P37177|,430
2305,sp|P37387|,298
2306,sp|P37659|,518
2307,sp|P37661|,280
2308,sp|P37689|,172
2309,sp|P37689|,237
2310,sp|P0A9Q9|,2
2311,sp|P06611|,207
2312,sp|P37749|,199
2313,sp|P25746|,103
2314,sp|P37773|,371
2315,sp|P45748|,50
2316,sp|P76502|,39
2317,sp|P0AAT6|,4
2318,sp|P38104|,227
2319,sp|P0A9X1|,106
2320,sp|P0ABF1|,185
2321,sp|P39160|,73
2322,sp|P39401|,270
2323,sp|P31060|,335
2324,sp|P04982|,110
2325,sp|P42616|,33
2326,sp|P42632|,111
2327,sp|P43672|,115
2328,sp|P37028|,225
2329,sp|P45568|,63
2330,sp|P45568|,140
2331,sp|P76576|,139
2332,sp|P21645|,328
2333,sp|P0A7D1|,118
2334,sp|P46853|,230
2335,sp|P0AG86|,19
2336,sp|P0A8B2|,85
2337,sp|P52647|,593
2338,sp|P07639|,298
2339,sp|P0AF36|,61
2340,sp|P64490|,35
2341,sp|P0A881|,90
2342,sp|P0A8Z0|,109
2343,sp|P30139|,43
2344,sp|P0AG07|,107
2345,sp|P0A940|,300
2346,sp|P06616|,116
2347,sp|P0AAC0|,230
2348,sp|P0AEZ1|,52
2349,sp|P0AEZ1|,54
2350,sp|P0AEZ1|,170
2351,sp|P0AEZ1|,270
2352,sp|P39325|,197
2353,sp|P39325|,205
2354,sp|P12995|,229
2355,sp|P63389|,314
2356,sp|P37634|,30
2357,sp|P64610|,48
2358,sp|P0A9X4|,60
2359,sp|P64614|,59
2360,sp|P64614|,63
2361,sp|P65292|,53
2362,sp|P0AFL6|,103
2363,sp|P02924|,318
2364,sp|P28861|,135
2365,sp|P33920|,171
2366,sp|P24252|,41
2367,sp|P69425|,64
2368,sp|P0AD53|,56
2369,sp|P0ABJ9|,358
2370,sp|P76143|,209
2371,sp|P0C037|,11
2372,sp|P0ABI8|,568
2373,sp|P36680|,65
2374,sp|P69828|,29
2375,sp|P69829|,129
2376,sp|P69831|,208
2377,sp|P63020|,14
2378,sp|P63020|,175
2379,sp|P0ACI0|,35
2380,sp|P0ACI0|,43
2381,sp|P18390|,86
2382,sp|P0A749|,144
2383,sp|P31133|,349
2384,sp|P0AGK4|,89
2385,sp|P09372|,85
2386,sp|P76104|,203
2387,sp|P0A9E5|,66
2388,sp|P0A9E5|,163
2389,sp|P36673|,8
2390,sp|P76290|,185
2391,sp|P0A8L7|,101
2392,sp|P0A6D7|,86
2393,sp|P13016|,92
2394,sp|P30178|,75
2395,sp|P76440|,57
2396,sp|P76507|,332
2397,sp|P0ACS9|,53
2398,sp|P76594|,748
2399,sp|P0A8U6|,32
2400,sp|P77252|,147
2401,sp|P77252|,155
2402,sp|P77318|,83
2403,sp|P77318|,512
2404,sp|P0A991|,248
2405,sp|P0A746|,82
2406,sp|P31697|,94
2407,sp|P0A917|,50
2408,sp|P52598|,79
2409,sp|Q46829|,100
2410,sp|Q46829|,449
2411,sp|P29745|,228
2412,sp|Q46915|,201
2413,sp|P16691|,120
2414,sp|P46852|,169
2415,sp|q0065|,529
2416,sp|YAL035W|,976
2417,sp|YER138C|,207
2418,sp|YER138C|,368
2419,sp|YER138C|,379
2420,sp|YER138C|,568
2421,sp|YBL027W|,52
2422,sp|YBL027W|,80
2423,sp|YBL027W|,128
2424,sp|YBL030C|,182
2425,sp|YBL032W|,194
2426,sp|YBL041W|,119
2427,sp|YBL045C|,408
2428,sp|YBL047C|,635
2429,sp|YNL121C|,103
2430,sp|YBL092W|,61
2431,sp|YBL092W|,72
2432,sp|YBL092W|,80
2433,sp|YBL092W|,103
2434,sp|YBL092W|,123
2435,sp|YML086C|,491
2436,sp|YBR009C|,32
2437,sp|YBR018C|,102
2438,sp|YBR019C|,229
2439,sp|YBR019C|,306
2440,sp|YBR020W|,99
2441,sp|YBR025C|,162
2442,sp|YBR026C|,238
2443,sp|YBR026C|,242
2444,sp|YBR026C|,301
2445,sp|YBR069C|,71
2446,sp|YBR079C|,757
2447,sp|YPL078C|,113
2448,sp|YPL078C|,209
2449,sp|YBR106W|,90
2450,sp|YBR106W|,168
2451,sp|YBR111C|,55
2452,sp|YBR111C|,210
2453,sp|YBR127C|,13
2454,sp|YBR127C|,226
2455,sp|YBR127C|,411
2456,sp|YBR143C|,60
2457,sp|YBR143C|,331
2458,sp|YBR189W|,37
2459,sp|YBR189W|,90
2460,sp|YBR189W|,92
2461,sp|YBR189W|,115
2462,sp|YPL079W|,35
2463,sp|YPL079W|,43
2464,sp|YPL079W|,60
2465,sp|YPL079W|,129
2466,sp|YBR249C|,65
2467,sp|YPR191W|,302
2468,sp|YPR191W|,309
2469,sp|YKL120W|,261
2470,sp|YBR286W|,263
2471,sp|YCL043C|,358
2472,sp|YCL043C|,394
2473,sp|YCL057W|,203
2474,sp|YCR083W|,41
2475,sp|YCR084C|,39
2476,sp|YCR088W|,269
2477,sp|YDL051W|,207
2478,sp|YDL055C|,98
2479,sp|YDL055C|,130
2480,sp|YDL055C|,137
2481,sp|YDL058W|,1565
2482,sp|YDL095W|,467
2483,sp|YDL124W|,311
2484,sp|YDL126C|,710
2485,sp|YDL140C|,738
2486,sp|YDL160C|,54
2487,sp|YDL166C|,35
2488,sp|YDL181W|,41
2489,sp|YDL181W|,56
2490,sp|YDL185W|,117
2491,sp|YDL185W|,411
2492,sp|YDR002W|,77
2493,sp|YDR023W|,70
2494,sp|YDR023W|,80
2495,sp|YDR023W|,93
2496,sp|YDR023W|,350
2497,sp|YDR064W|,93
2498,sp|YDR083W|,196
2499,sp|YER177W|,51
2500,sp|YER177W|,70
2501,sp|YER177W|,125
2502,sp|YDR129C|,5
2503,sp|YDR129C|,47
2504,sp|YDR168W|,462
2505,sp|YDR172W|,330
2506,sp|YDR190C|,450
2507,sp|YBL064C|,131
2508,sp|YBL064C|,183
2509,sp|YDR299W|,79
2510,sp|YDR322C-A|,50
2511,sp|YDR341C|,12
2512,sp|YDR377W|,28
2513,sp|YDR381W|,225
2514,sp|YDR399W|,52
2515,sp|YDR418W|,40
2516,sp|YDR418W|,86
2517,sp|YDR418W|,146
2518,sp|YDR427W|,53
2519,sp|YDR427W|,87
2520,sp|YDR432W|,194
2521,sp|YDR447C|,49
2522,sp|YDR447C|,59
2523,sp|YDR447C|,72
2524,sp|YDR447C|,111
2525,sp|YDR447C|,116
2526,sp|YDR450W|,36
2527,sp|YDR450W|,56
2528,sp|YDR450W|,96
2529,sp|YDR482C|,9
2530,sp|YDR513W|,129
2531,sp|YDR513W|,139
2532,sp|YEL031W|,619
2533,sp|YEL047C|,334
2534,sp|YER003C|,197
2535,sp|YER023W|,216
2536,sp|YER023W|,284
2537,sp|YER025W|,146
2538,sp|YER025W|,362
2539,sp|YER049W|,420
2540,sp|YER056C-A|,99
2541,sp|YER056C-A|,106
2542,sp|YIL053W|,108
2543,sp|YER069W|,272
2544,sp|YER072W|,24
2545,sp|YGL187C|,95
2546,sp|YER074W|,37
2547,sp|YER074W|,43
2548,sp|YER074W|,49
2549,sp|YER074W|,52
2550,sp|YER091C|,48
2551,sp|YER091C|,232
2552,sp|YER091C|,319
2553,sp|YER091C|,389
2554,sp|YER091C|,432
2555,sp|YER091C|,462
2556,sp|YER091C|,559
2557,sp|YER091C|,712
2558,sp|YER091C|,724
2559,sp|YER094C|,39
2560,sp|YER110C|,407
2561,sp|YER120W|,165
2562,sp|YER122C|,266
2563,sp|YGL009C|,81
2564,sp|YGL009C|,186
2565,sp|YGL009C|,328
2566,sp|YGL009C|,397
2567,sp|YGL020C|,86
2568,sp|YGL022W|,556
2569,sp|YGL026C|,13
2570,sp|YGL099W|,489
2571,sp|YGL103W|,55
2572,sp|YGL103W|,70
2573,sp|YGL103W|,96
2574,sp|YGL103W|,111
2575,sp|YGL103W|,132
2576,sp|YGL105W|,147
2577,sp|YGL105W|,361
2578,sp|YGL135W|,18
2579,sp|YGL135W|,91
2580,sp|YGL135W|,130
2581,sp|YGL135W|,147
2582,sp|YGL167C|,480
2583,sp|YGL200C|,147
2584,sp|YGL202W|,84
2585,sp|YGL202W|,371
2586,sp|YGR094W|,69
2587,sp|YGR094W|,1064
2588,sp|YGR118W|,30
2589,sp|YGR118W|,50
2590,sp|YGR159C|,219
2591,sp|YGR167W|,135
2592,sp|YGR208W|,33
2593,sp|YGR240C|,24
2594,sp|YGR240C|,337
2595,sp|YGR240C|,555
2596,sp|YGR240C|,807
2597,sp|YGR240C|,869
2598,sp|YGR254W|,67
2599,sp|YGR254W|,79
2600,sp|YGR254W|,126
2601,sp|YGR254W|,139
2602,sp|YGR254W|,258
2603,sp|YGR254W|,264
2604,sp|YGR254W|,329
2605,sp|YGR254W|,436
2606,sp|YGR280C|,61
2607,sp|YGR282C|,156
2608,sp|YGR285C|,160
2609,sp|YGR285C|,363
2610,sp|YGR285C|,408
2611,sp|YGR285C|,412
2612,sp|YHL015W|,8
2613,sp|YHL015W|,43
2614,sp|YHL015W|,52
2615,sp|YHL015W|,77
2616,sp|YHL015W|,101
2617,sp|YHL034C|,92
2618,sp|YHL034C|,99
2619,sp|YHR010W|,111
2620,sp|YHR010W|,126
2621,sp|YHR019C|,45
2622,sp|YHR019C|,65
2623,sp|YHR019C|,451
2624,sp|YHR039C-A|,41
2625,sp|YHR039C-A|,60
2626,sp|YHR064C|,270
2627,sp|YHR064C|,435
2628,sp|YHR064C|,529
2629,sp|YHR137W|,15
2630,sp|YHR141C|,29
2631,sp|YHR141C|,86
2632,sp|YHR146W|,54
2633,sp|YHR179W|,8
2634,sp|YHR179W|,19
2635,sp|YHR179W|,172
2636,sp|YHR183W|,37
2637,sp|YHR183W|,259
2638,sp|YHR183W|,292
2639,sp|YHR183W|,300
2640,sp|YHR183W|,309
2641,sp|YHR183W|,313
2642,sp|YHR208W|,299
2643,sp|YIL022W|,333
2644,sp|YIL041W|,12
2645,sp|YIL075C|,126
2646,sp|YDR298C|,65
2647,sp|YDR298C|,149
2648,sp|YIL133C|,155
2649,sp|YIL133C|,170
2650,sp|YIR006C|,601
2651,sp|YJL026W|,20
2652,sp|YJL026W|,50
2653,sp|YJL026W|,74
2654,sp|YJL041W|,365
2655,sp|YJL080C|,136
2656,sp|YJL080C|,321
2657,sp|YJL080C|,934
2658,sp|YJL130C|,205
2659,sp|YJL130C|,294
2660,sp|YJL130C|,417
2661,sp|YJL130C|,864
2662,sp|YJL130C|,1180
2663,sp|YJL130C|,1989
2664,sp|YJL130C|,2180
2665,sp|YJL136C|,5
2666,sp|YJL136C|,38
2667,sp|YJL148W|,126
2668,sp|YJL149W|,323
2669,sp|YJL158C|,149
2670,sp|YKL180W|,27
2671,sp|YKL180W|,74
2672,sp|YKL180W|,80
2673,sp|YKL180W|,105
2674,sp|YJL189W|,5
2675,sp|YJR064W|,389
2676,sp|YJR065C|,430
2677,sp|YJR104C|,89
2678,sp|YJR104C|,97
2679,sp|YJR104C|,101
2680,sp|YJR104C|,129
2681,sp|YMR083W|,49
2682,sp|YMR083W|,319
2683,sp|YJR123W|,212
2684,sp|YKL001C|,76
2685,sp|YKL016C|,34
2686,sp|YKL016C|,105
2687,sp|YKL056C|,80
2688,sp|YKL056C|,108
2689,sp|YKL056C|,118
2690,sp|YKL056C|,159
2691,sp|YKL060C|,8
2692,sp|YKL060C|,55
2693,sp|YKL060C|,73
2694,sp|YKL060C|,85
2695,sp|YKL060C|,114
2696,sp|YKL060C|,255
2697,sp|YKL060C|,307
2698,sp|YKL060C|,308
2699,sp|YKL060C|,323
2700,sp|YKL060C|,326
2701,sp|YKL060C|,340
2702,sp|YKL060C|,345
2703,sp|YKL060C|,348
2704,sp|YKL065C|,185
2705,sp|YKL077W|,218
2706,sp|YKL080W|,208
2707,sp|YER178W|,264
2708,sp|YFR044C|,16
2709,sp|YFR044C|,94
2710,sp|YKL104C|,63
2711,sp|YKL117W|,118
2712,sp|YKL176C|,606
2713,sp|YKL182W|,118
2714,sp|YKL182W|,445
2715,sp|YKL182W|,556
2716,sp|YKL182W|,809
2717,sp|YKL182W|,812
2718,sp|YKL182W|,1030
2719,sp|YKL182W|,1206
2720,sp|YKL182W|,1358
2721,sp|YKL182W|,1439
2722,sp|YKL182W|,1793
2723,sp|YKL182W|,1918
2724,sp|YKL182W|,1921
2725,sp|YKL182W|,2002
2726,sp|YKL196C|,15
2727,sp|YKL216W|,46
2728,sp|YKL216W|,161
2729,sp|YKL216W|,214
2730,sp|YKL216W|,255
2731,sp|YKL216W|,293
2732,sp|YKR065C|,177
2733,sp|YLL018C|,31
2734,sp|YLL018C|,77
2735,sp|YLL018C|,403
2736,sp|YLL018C|,414
2737,sp|YLL026W|,302
2738,sp|YLL026W|,442
2739,sp|YLR003C|,218
2740,sp|YLR029C|,5
2741,sp|YLR029C|,140
2742,sp|YLR029C|,169
2743,sp|YLR029C|,184
2744,sp|YLR044C|,8
2745,sp|YLR044C|,190
2746,sp|YLR044C|,198
2747,sp|YLR044C|,209
2748,sp|YLR044C|,228
2749,sp|YLR044C|,249
2750,sp|YLR044C|,269
2751,sp|YLR044C|,304
2752,sp|YLR044C|,315
2753,sp|YLR044C|,342
2754,sp|YLR044C|,345
2755,sp|YLR044C|,463
2756,sp|YLR044C|,520
2757,sp|YLR044C|,525
2758,sp|YLR044C|,532
2759,sp|YLR044C|,554
2760,sp|YLR044C|,562
2761,sp|YLR060W|,476
2762,sp|YLR075W|,145
2763,sp|YLR075W|,191
2764,sp|YLR075W|,198
2765,sp|YLR089C|,200
2766,sp|YLR109W|,7
2767,sp|YLR109W|,47
2768,sp|YLR109W|,107
2769,sp|YLR113W|,288
2770,sp|YLR150W|,23
2771,sp|YLR150W|,27
2772,sp|YLR150W|,83
2773,sp|YLR150W|,121
2774,sp|YLR175W|,50
2775,sp|YLR216C|,210
2776,sp|YLR244C|,131
2777,sp|YLR248W|,193
2778,sp|YLR250W|,138
2779,sp|YLR287C-A|,53
2780,sp|YLR301W|,225
2781,sp|YLR325C|,9
2782,sp|YLR335W|,624
2783,sp|YLR355C|,70
2784,sp|YLR355C|,115
2785,sp|YLR355C|,126
2786,sp|YLR355C|,136
2787,sp|YLR355C|,163
2788,sp|YLR355C|,187
2789,sp|YLR355C|,197
2790,sp|YLR355C|,208
2791,sp|YLR355C|,226
2792,sp|YLR355C|,336
2793,sp|YLR355C|,347
2794,sp|YLR355C|,382
2795,sp|YLR359W|,273
2796,sp|YLR389C|,92
2797,sp|YLR421C|,117
2798,sp|YML048W|,240
2799,sp|YML070W|,245
2800,sp|YML070W|,252
2801,sp|YML072C|,90
2802,sp|YML074C|,322
2803,sp|YML091C|,513
2804,sp|YML128C|,472
2805,sp|YMR012W|,5
2806,sp|YMR012W|,740
2807,sp|YMR012W|,940
2808,sp|YMR062C|,276
2809,sp|YMR062C|,360
2810,sp|YMR072W|,162
2811,sp|YMR099C|,35
2812,sp|YMR099C|,186
2813,sp|YMR105C|,544
2814,sp|YMR116C|,40
2815,sp|YMR116C|,46
2816,sp|YMR116C|,107
2817,sp|YMR116C|,117
2818,sp|YMR116C|,161
2819,sp|YMR116C|,228
2820,sp|YMR125W|,662
2821,sp|YMR208W|,375
2822,sp|YMR217W|,270
2823,sp|YMR217W|,436
2824,sp|YMR290C|,444
2825,sp|YMR307W|,240
2826,sp|YMR309C|,500
2827,sp|YMR318C|,317
2828,sp|YNL010W|,46
2829,sp|YNL010W|,141
2830,sp|YNL010W|,196
2831,sp|YNL044W|,46
2832,sp|YNL064C|,225
2833,sp|YNL079C|,68
2834,sp|YNL079C|,153
2835,sp|YNL084C|,296
2836,sp|YMR108W|,615
2837,sp|YNL138W|,219
2838,sp|YNL157W|,37
2839,sp|YNL168C|,132
2840,sp|YNL189W|,398
2841,sp|YNL244C|,52
2842,sp|YNL248C|,42
2843,sp|YNR013C|,26
2844,sp|YNR030W|,542
2845,sp|YNR043W|,244
2846,sp|YNR051C|,50
2847,sp|YNR054C|,34
2848,sp|YOL005C|,84
2849,sp|YOL040C|,72
2850,sp|YOL058W|,157
2851,sp|YOL077C|,240
2852,sp|YOL109W|,7
2853,sp|YOL109W|,18
2854,sp|YOL109W|,23
2855,sp|YOL109W|,29
2856,sp|YOL109W|,34
2857,sp|YOL109W|,45
2858,sp|YOL109W|,91
2859,sp|YOL123W|,189
2860,sp|YOL139C|,36
2861,sp|YOL139C|,111
2862,sp|YOR007C|,80
2863,sp|YOR007C|,116
2864,sp|YOR007C|,150
2865,sp|YOR007C|,209
2866,sp|YOR007C|,216
2867,sp|YOR020C|,6
2868,sp|YOR020C|,9
2869,sp|YOR020C|,38
2870,sp|YOR027W|,9
2871,sp|YOR027W|,19
2872,sp|YOR027W|,98
2873,sp|YOR027W|,146
2874,sp|YOR027W|,333
2875,sp|YOR027W|,409
2876,sp|YOR027W|,574
2877,sp|YOR091W|,337
2878,sp|YOR122C|,15
2879,sp|YOR153W|,232
2880,sp|YOR164C|,260
2881,sp|YOR184W|,58
2882,sp|YOR184W|,122
2883,sp|YOR198C|,90
2884,sp|YOR198C|,113
2885,sp|YOR198C|,240
2886,sp|YOR204W|,246
2887,sp|YOR204W|,386
2888,sp|YOR206W|,120
2889,sp|YOR211C|,274
2890,sp|YOR230W|,48
2891,sp|YOR230W|,210
2892,sp|YOR243C|,368
2893,sp|YOR254C|,410
2894,sp|YOR265W|,49
2895,sp|YOR270C|,226
2896,sp|YOR285W|,31
2897,sp|YOR310C|,80
2898,sp|YOR317W|,690
2899,sp|YOR326W|,312
2900,sp|YOR332W|,63
2901,sp|YOR332W|,153
2902,sp|YOR361C|,161
2903,sp|YOR362C|,194
2904,sp|YOR369C|,95
2905,sp|YOR369C|,105
2906,sp|YOR375C|,53
2907,sp|YOR375C|,70
2908,sp|YOR375C|,118
2909,sp|YOR375C|,218
2910,sp|YOR375C|,404
2911,sp|YPL059W|,52
2912,sp|YPL131W|,27
2913,sp|YPL131W|,58
2914,sp|YPL131W|,164
2915,sp|YPL131W|,254
2916,sp|YPL131W|,258
2917,sp|YPL131W|,270
2918,sp|YPL222W|,143
2919,sp|YPL226W|,459
2920,sp|YPL231W|,86
2921,sp|YPL231W|,173
2922,sp|YPL231W|,351
2923,sp|YPL231W|,491
2924,sp|YPL231W|,505
2925,sp|YPL231W|,560
2926,sp|YPL231W|,674
2927,sp|YPL231W|,937
2928,sp|YPL231W|,999
2929,sp|YPL231W|,1002
2930,sp|YPL231W|,1081
2931,sp|YPL231W|,1087
2932,sp|YPL231W|,1514
2933,sp|YPL231W|,1632
2934,sp|YPL231W|,1736
2935,sp|YPL231W|,1741
2936,sp|YPL231W|,1835
2937,sp|YNL055C|,19
2938,sp|YNL055C|,50
2939,sp|YPL273W|,312
2940,sp|YPR028W|,161
2941,sp|YPR033C|,62
2942,sp|YPR036W|,53
2943,sp|YPR041W|,274
2944,sp|YPR069C|,265
2945,sp|YPR125W|,383
2946,sp|YPR159W|,98
2947,sp|YPR159W|,104
2948,sp|YPR163C|,155
2949,sp|YPR181C|,568
2950,sp|YPR183W|,35
2951,sp|YIL051C|,77
2952,sp|Q99JY0|,53
2953,sp|Q99JY0|,73
2954,sp|Q99JY0|,96
2955,sp|Q99JY0|,189
2956,sp|Q99JY0|,191
2957,sp|Q99JY0|,269
2958,sp|Q99JY0|,273
2959,sp|Q99JY0|,278
2960,sp|Q99JY0|,292
2961,sp|Q99JY0|,294
2962,sp|Q99JY0|,299
2963,sp|Q99JY0|,333
2964,sp|Q99JY0|,335
2965,sp|Q99JY0|,349
2966,sp|Q99JY0|,362
2967,sp|Q9ET01|,10
2968,sp|Q9ET01|,29
2969,sp|Q9ET01|,290
2970,sp|Q9ET01|,359
2971,sp|Q9ET01|,364
2972,sp|Q9ET01|,421
2973,sp|Q9ET01|,438
2974,sp|Q9ET01|,470
2975,sp|Q9ET01|,514
2976,sp|Q9ET01|,552
2977,sp|Q9ET01|,724
2978,sp|Q9ET01|,730
2979,sp|Q9ET01|,819
2980,sp|Q9ET01|,823
2981,sp|P25688|,10
2982,sp|P25688|,23
2983,sp|P25688|,36
2984,sp|P25688|,72
2985,sp|P25688|,118
2986,sp|P25688|,158
2987,sp|P25688|,175
2988,sp|P25688|,185
2989,sp|P25688|,220
2990,sp|P25688|,227
2991,sp|P25688|,277
2992,sp|P25688|,290
2993,sp|P25688|,296
2994,tr|A2AQN4|,555
2995,sp|Q3UNX5-2|,151
2996,sp|Q3UNX5-2|,203
2997,sp|Q9CQ62|,42
2998,sp|Q9CQ62|,49
2999,sp|Q9CQ62|,60
3000,sp|Q9CQ62|,97
3001,sp|Q9CQ62|,106
3002,sp|Q9CQ62|,244
3003,sp|Q9CQ62|,246
3004,sp|Q9CQ62|,260
3005,sp|Q9CQ62|,315
3006,sp|Q9EP89|,241
3007,sp|Q9EP89|,263
3008,sp|Q9EP89|,270
3009,sp|Q9EP89|,287
3010,sp|Q9EP89|,288
3011,sp|Q9EP89|,299
3012,sp|Q9EP89|,313
3013,sp|Q9EP89|,383
3014,sp|Q9EP89|,547
3015,sp|P11725|,38
3016,sp|P11725|,70
3017,sp|P11725|,88
3018,sp|P11725|,144
3019,sp|P11725|,221
3020,sp|P11725|,231
3021,sp|P11725|,238
3022,sp|P11725|,243
3023,sp|P14152|,107
3024,sp|P14152|,110
3025,sp|P14152|,118
3026,sp|P14152|,205
3027,sp|P14152|,214
3028,sp|P14152|,220
3029,sp|P14152|,298
3030,sp|P14152|,318
3031,sp|Q64374|,106
3032,sp|Q64374|,144
3033,sp|Q64374|,195
3034,sp|Q64374|,233
3035,sp|Q64374|,239
3036,sp|Q64374|,283
3037,sp|Q64374|,290
3038,sp|O35490|,93
3039,sp|O35490|,150
3040,sp|O35490|,232
3041,sp|O35490|,283
3042,sp|O35490|,349
3043,sp|O35490|,386
3044,tr|Q3UWB9|,78
3045,tr|Q3UWB9|,84
3046,tr|Q3UWB9|,94
3047,tr|Q3UWB9|,350
3048,tr|Q3UWB9|,354
3049,tr|Q3UWB9|,451
3050,sp|Q9DBE0|,326
3051,sp|Q91YI0|,7
3052,sp|Q91YI0|,97
3053,sp|Q91YI0|,192
3054,sp|Q91YI0|,287
3055,sp|Q91YI0|,323
3056,sp|Q91YI0|,361
3057,sp|Q99K67|,48
3058,sp|Q99K67|,52
3059,sp|Q99K67|,70
3060,sp|Q99K67|,138
3061,sp|Q99K67|,286
3062,sp|Q99K67|,480
3063,sp|O08795-2|,166
3064,sp|O08601-2|,120
3065,sp|O08601-2|,164
3066,sp|O08601-2|,431
3067,sp|O08601-2|,463
3068,sp|O08601-2|,536
3069,sp|P07724|,210
3070,sp|P07724|,212
3071,sp|P07724|,236
3072,sp|P07724|,264
3073,sp|P07724|,438
3074,sp|P10649|,31
3075,sp|P10649|,50
3076,sp|P10649|,136
3077,sp|P10649|,144
3078,sp|P10649|,199
3079,sp|P17751|,206
3080,sp|P17751|,238
3081,sp|P17751|,244
3082,sp|P17751|,288
3083,sp|P17751|,298
3084,sp|P55096|,61
3085,sp|P55096|,260
3086,sp|P55096|,286
3087,sp|P55096|,529
3088,sp|P55096|,533
3089,sp|Q3UEG6|,70
3090,sp|Q3UEG6|,127
3091,sp|Q3UEG6|,303
3092,sp|Q3UEG6|,368
3093,sp|Q3UEG6|,416
3094,tr|Q3V117|,12
3095,tr|Q3V117|,166
3096,tr|Q3V117|,272
3097,tr|Q3V117|,780
3098,tr|Q3V117|,991
3099,sp|Q8BJ64|,77
3100,sp|Q8BJ64|,281
3101,sp|Q8BJ64|,287
3102,sp|Q8BJ64|,498
3103,sp|Q8BJ64|,588
3104,sp|Q91ZA3|,61
3105,sp|Q91ZA3|,128
3106,sp|Q91ZA3|,146
3107,sp|Q91ZA3|,196
3108,sp|Q91ZA3|,644
3109,sp|Q9DBG1|,285
3110,sp|Q9DBG1|,365
3111,sp|Q9DBG1|,393
3112,sp|Q9DBG1|,412
3113,sp|Q9DBG1|,523
3114,tr|A2AFQ2|,28
3115,tr|A2AFQ2|,52
3116,tr|A2AFQ2|,79
3117,tr|A2AFQ2|,107
3118,sp|P50544|,196
3119,sp|P50544|,277
3120,sp|P50544|,279
3121,sp|P50544|,332
3122,tr|B1ATI0|,266
3123,tr|B1ATI0|,274
3124,tr|B1ATI0|,296
3125,tr|B1ATI0|,457
3126,sp|Q91YT0|,36
3127,sp|Q91YT0|,81
3128,sp|Q91YT0|,104
3129,sp|Q91YT0|,365
3130,tr|Q544X6|,137
3131,tr|Q544X6|,215
3132,tr|Q544X6|,285
3133,tr|Q544X6|,414
3134,tr|F8VPN4|,1302
3135,tr|F8VPN4|,1406
3136,tr|F8VPN4|,1462
3137,tr|F8VPN4|,1482
3138,sp|O09174|,57
3139,sp|O09174|,100
3140,sp|O09174|,267
3141,sp|O09174|,276
3142,sp|P00329|,227
3143,sp|P00329|,316
3144,sp|P00329|,324
3145,sp|P00329|,339
3146,sp|P49429|,7
3147,sp|P49429|,63
3148,sp|P49429|,166
3149,sp|P49429|,297
3150,sp|P51174|,42
3151,sp|P51174|,81
3152,sp|P51174|,92
3153,sp|P51174|,279
3154,sp|P55264|,50
3155,sp|P55264|,70
3156,sp|P55264|,116
3157,sp|P55264|,255
3158,sp|P97872|,97
3159,sp|P97872|,186
3160,sp|P97872|,273
3161,sp|P97872|,394
3162,sp|Q99MZ7|,5
3163,sp|Q99MZ7|,32
3164,sp|Q99MZ7|,83
3165,sp|Q99MZ7|,92
3166,sp|Q61176|,17
3167,sp|Q61176|,41
3168,sp|Q61176|,75
3169,sp|Q61176|,191
3170,sp|Q8BH95|,101
3171,sp|Q8BH95|,204
3172,sp|Q8BH95|,211
3173,sp|Q8BH95|,282
3174,sp|Q8R164|,86
3175,sp|Q8R164|,119
3176,sp|Q8R164|,126
3177,sp|Q8R164|,191
3178,sp|Q91YP0|,105
3179,sp|Q91YP0|,174
3180,sp|Q91YP0|,221
3181,sp|Q91YP0|,298
3182,sp|Q99LB7|,803
3183,sp|Q99LB7|,816
3184,sp|Q99LB7|,885
3185,sp|Q99LB7|,913
3186,sp|P05213|,163
3187,sp|P05213|,394
3188,sp|P05213|,401
3189,tr|A2A7A7|,117
3190,tr|A2A7A7|,425
3191,tr|A2A7A7|,434
3192,tr|A6ZI44|,96
3193,tr|A6ZI44|,376
3194,tr|A6ZI44|,384
3195,sp|Q8K370|,427
3196,sp|Q8K370|,948
3197,sp|Q8K370|,1056
3198,sp|Q9D379|,52
3199,sp|Q9D379|,286
3200,sp|Q9D379|,375
3201,sp|Q91W43|,519
3202,sp|Q91W43|,669
3203,sp|Q91W43|,847
3204,sp|Q61694|,207
3205,sp|Q61694|,244
3206,sp|Q61694|,350
3207,tr|F2Z456|,19
3208,tr|F2Z456|,92
3209,tr|F2Z456|,131
3210,tr|E9QPA6|,295
3211,tr|E9QPA6|,377
3212,tr|E9QPA6|,388
3213,sp|O88986|,42
3214,sp|O88986|,184
3215,sp|O88986|,365
3216,sp|P11679|,107
3217,sp|P11679|,331
3218,sp|P11679|,353
3219,sp|P12787|,83
3220,sp|P12787|,109
3221,sp|P12787|,145
3222,sp|P15105|,91
3223,sp|P15105|,107
3224,sp|P15105|,291
3225,sp|P28843|,163
3226,sp|P28843|,372
3227,sp|P28843|,427
3228,sp|P34914|,454
3229,sp|P34914|,504
3230,sp|P34914|,508
3231,sp|P35492|,131
3232,sp|P35492|,144
3233,sp|P35492|,277
3234,sp|P56382|,21
3235,sp|P56382|,28
3236,sp|P56382|,32
3237,sp|Q60759|,51
3238,sp|Q60759|,240
3239,sp|Q60759|,371
3240,sp|Q62425|,10
3241,sp|Q62425|,64
3242,sp|Q62425|,74
3243,tr|Q8BGL3|,90
3244,tr|Q8BGL3|,113
3245,tr|Q8BGL3|,188
3246,sp|Q8BPD5|,46
3247,sp|Q8BPD5|,129
3248,sp|Q8BPD5|,132
3249,sp|Q8R086|,88
3250,sp|Q8R086|,280
3251,sp|Q8R086|,495
3252,sp|Q8VE38|,87
3253,sp|Q8VE38|,224
3254,sp|Q8VE38|,256
3255,sp|Q91YQ5|,117
3256,sp|Q91YQ5|,188
3257,sp|Q91YQ5|,205
3258,sp|Q99J08|,11
3259,sp|Q99J08|,51
3260,sp|Q99J08|,266
3261,sp|Q99JB2|,114
3262,sp|Q99JB2|,145
3263,sp|Q99JB2|,221
3264,sp|Q9CQA3|,128
3265,sp|Q9CQA3|,153
3266,sp|Q9CQA3|,160
3267,sp|Q9CXJ4|,228
3268,sp|Q9CXJ4|,245
3269,sp|Q9CXJ4|,478
3270,sp|Q9D6Y9|,39
3271,sp|Q9D6Y9|,149
3272,sp|Q9D6Y9|,212
3273,sp|Q9DD20|,63
3274,sp|Q9DD20|,109
3275,sp|Q9DD20|,210
3276,sp|Q9JKR6|,75
3277,sp|Q9JKR6|,170
3278,sp|Q9JKR6|,889
3279,sp|Q9QXF8|,196
3280,sp|Q9QXF8|,201
3281,sp|Q9QXF8|,238
3282,tr|A8DUK4|,18
3283,tr|A8DUK4|,60
3284,tr|D3YWJ3|,108
3285,tr|D3YWJ3|,257
3286,sp|Q9QXE0|,217
3287,sp|Q9QXE0|,361
3288,sp|Q9D0M5|,36
3289,sp|Q9D0M5|,43
3290,tr|E9Q035|,296
3291,tr|E9Q035|,453
3292,tr|F8WIK2|,788
3293,tr|F8WIK2|,792
3294,tr|E9Q1Q9|,168
3295,tr|E9Q1Q9|,172
3296,tr|G3X925|,190
3297,tr|G3X925|,321
3298,tr|E9Q5L3|,165
3299,tr|E9Q5L3|,284
3300,sp|Q9DBN5|,784
3301,sp|Q9DBN5|,806
3302,sp|E9QNP7|,19
3303,sp|E9QNP7|,41
3304,tr|E9QPX3|,150
3305,tr|E9QPX3|,168
3306,sp|Q922Q1|,156
3307,sp|Q922Q1|,187
3308,tr|F8WGL3|,114
3309,tr|F8WGL3|,121
3310,tr|Q91XH5|,52
3311,tr|Q91XH5|,63
3312,sp|G3X8V7|,106
3313,sp|G3X8V7|,204
3314,sp|G3X9F8|,109
3315,sp|G3X9F8|,411
3316,sp|Q63880|,54
3317,sp|Q63880|,117
3318,sp|Q8R128|,330
3319,sp|Q8R128|,334
3320,sp|O88342|,115
3321,sp|O88342|,480
3322,sp|P03930|,54
3323,sp|P03930|,57
3324,sp|P13745|,141
3325,sp|P13745|,195
3326,sp|P16331|,74
3327,sp|P16331|,85
3328,sp|P17563|,279
3329,sp|P17563|,296
3330,tr|Q3U111|,158
3331,tr|Q3U111|,514
3332,sp|P47911|,226
3333,sp|P47911|,259
3334,sp|P52503|,41
3335,sp|P52503|,97
3336,sp|Q9WUR2|,138
3337,sp|Q9WUR2|,301
3338,sp|Q3TJM2|,219
3339,sp|Q3TJM2|,439
3340,tr|Q3UER8|,276
3341,tr|Q3UER8|,405
3342,tr|Q571M4|,275
3343,tr|Q571M4|,303
3344,tr|Q5SXR6|,810
3345,tr|Q5SXR6|,1539
3346,sp|Q64471|,22
3347,sp|Q64471|,204
3348,sp|Q6P5E4|,744
3349,sp|Q6P5E4|,1308
3350,sp|Q80XN0|,103
3351,sp|Q80XN0|,132
3352,sp|Q8BVI4|,70
3353,sp|Q8BVI4|,124
3354,sp|Q8BW75|,52
3355,sp|Q8BW75|,81
3356,sp|Q8CC86|,251
3357,sp|Q8CC86|,329
3358,sp|Q9CYR0|,103
3359,sp|Q9CYR0|,113
3360,sp|Q91WS0|,55
3361,sp|Q91WS0|,104
3362,sp|Q91XF0|,100
3363,sp|Q91XF0|,104
3364,tr|Q921K2|,442
3365,tr|Q921K2|,443
3366,sp|Q921S7|,63
3367,sp|Q921S7|,134
3368,sp|Q921X9|,102
3369,sp|Q921X9|,137
3370,sp|Q99K28-2|,15
3371,sp|Q99K28-2|,266
3372,sp|Q99KR3|,247
3373,sp|Q99KR3|,282
3374,tr|A2ARD6|,417
3375,sp|A2AS89|,223
3376,sp|A2ASZ8-3|,374
3377,sp|Q99PL5|,1545
3378,sp|A6H5Y3|,327
3379,tr|G3X9T7|,110
3380,sp|Q99LY9|,8
3381,sp|B1AXP6|,46
3382,tr|B7ZCJ1|,951
3383,sp|Q9CWS0|,247
3384,tr|E9QJW0|,142
3385,tr|E9Q0V4|,130
3386,tr|Q3U125|,137
3387,sp|Q9D273|,224
3388,tr|D3Z1M3|,246
3389,tr|Q5U5I3|,45
3390,sp|Q02788|,668
3391,tr|G5E889|,134
3392,sp|P13707|,120
3393,tr|E0CYV0|,182
3394,sp|Q5SWU9-2|,1796
3395,sp|Q6NS59|,1430
3396,sp|Q91ZU6-4|,3816
3397,tr|E9QN44|,437
3398,sp|Q8R3Q6|,100
3399,tr|F6Q8D3|,132
3400,tr|E9QNW6|,245
3401,tr|G3UZM1|,359
3402,sp|Q99J39|,316
3403,sp|P11087|,266
3404,sp|Q99L47|,152
3405,tr|Q52L67|,114
3406,sp|G3X982|,17
3407,sp|Q9JI90|,400
3408,sp|O09172|,270
3409,sp|O09173|,162
3410,sp|Q8R4E6|,191
3411,sp|O35386|,108
3412,sp|O35459|,150
3413,tr|Q8CC13|,282
3414,sp|O35683|,64
3415,sp|O54734|,286
3416,sp|O55022|,105
3417,sp|O70475|,149
3418,sp|O70503|,95
3419,sp|O88851|,156
3420,sp|P01027|,1215
3421,sp|P04247|,43
3422,sp|P07309|,96
3423,sp|P22599|,181
3424,sp|P08226|,167
3425,sp|P10518|,252
3426,sp|Q8CGP2-2|,44
3427,sp|P11352|,62
3428,sp|P13516|,202
3429,sp|P14094|,289
3430,sp|P14685|,72
3431,tr|Q8C243|,355
3432,sp|P24456|,158
3433,sp|P26231|,747
3434,sp|P28665|,182
3435,sp|P30933|,113
3436,sp|P35505|,278
3437,sp|P35585|,12
3438,sp|P40240|,124
3439,tr|Q8BVQ9|,449
3440,sp|P46656|,86
3441,sp|P50172|,286
3442,sp|P50295|,247
3443,sp|P50396|,112
3444,sp|P51175|,37
3445,sp|P53808|,166
3446,sp|P56135|,8
3447,sp|P56393|,75
3448,sp|P59017|,113
3449,sp|P61922|,47
3450,sp|P80313|,172
3451,sp|P97742|,180
3452,sp|Q2TPA8|,32
3453,sp|Q6P1B1|,130
3454,sp|Q3TL44|,659
3455,sp|Q8VDQ1|,293
3456,sp|Q3U3R4|,555
3457,tr|Q3UEL5|,551
3458,sp|Q3UGR5|,50
3459,sp|Q3UKX6|,62
3460,sp|Q3UNZ8|,78
3461,sp|Q3UPL0|,118
3462,sp|Q3V125|,365
3463,sp|Q4LDG0|,416
3464,sp|Q52KE7|,365
3465,tr|Q543K9|,179
3466,sp|Q5EG47|,80
3467,sp|Q8K2C6|,20
3468,sp|Q61578|,379
3469,sp|Q61733|,356
3470,sp|Q64356|,57
3471,sp|Q64459|,122
3472,sp|Q69ZP3-3|,199
3473,sp|Q6GQT9|,627
3474,tr|Q6XPS7|,389
3475,sp|Q78PY7|,641
3476,sp|Q7TMF3|,53
3477,sp|Q7TPD2|,334
3478,sp|Q7TQ48|,792
3479,sp|Q80VP1-2|,107
3480,sp|Q9Z2Y8|,125
3481,sp|Q8BK72|,94
3482,sp|Q8BL66|,1165
3483,sp|Q8BMS4|,197
3484,sp|Q8C0S4|,577
3485,sp|Q8C3X8|,532
3486,sp|Q8CG76|,136
3487,sp|Q8CI78|,241
3488,sp|Q8K0E8|,303
3489,sp|Q8K2Y7|,74
3490,sp|Q8K3J1|,51
3491,sp|Q8K4F5|,79
3492,sp|Q8R0N6|,433
3493,tr|Q8R2P8|,519
3494,sp|Q8R404|,108
3495,sp|Q8R5F7|,695
3496,sp|Q8VCF0|,7
3497,sp|Q8VDM4|,551
3498,sp|Q91V76|,176
3499,sp|Q5RKZ7|,265
3500,sp|Q5RKZ7|,528
3501,sp|Q91WL5|,66
3502,sp|Q91WN4|,116
3503,sp|Q91X72|,111
3504,sp|Q91XD4|,318
3505,sp|Q91YW3|,129
3506,sp|Q91Z53|,94
3507,sp|Q921J2|,161
3508,sp|Q99MN9|,62
3509,sp|Q99N96|,94
3510,sp|Q99P30-2|,44
3511,sp|Q9CPQ1|,61
3512,sp|Q9CQ06|,129
3513,sp|Q9CQ69|,33
3514,sp|Q9CQ75|,75
3515,sp|Q9CQC7|,55
3516,sp|Q9CQH3|,58
3517,sp|Q9CQJ8|,121
3518,sp|Q9CQL4|,121
3519,sp|Q9CQN7|,103
3520,sp|Q9CQZ5|,90
3521,tr|Q9CWK0|,79
3522,sp|Q9CRB3|,67
3523,sp|Q9CWK8|,234
3524,sp|Q9CYW4|,15
3525,sp|Q9D020|,262
3526,sp|Q9D023|,26
3527,sp|Q9D0S9|,128
3528,sp|Q9D1B9|,150
3529,sp|Q9D1M0|,87
3530,sp|Q9D1Q6|,130
3531,sp|Q9D9V3|,232
3532,sp|Q9DBH5|,305
3533,sp|Q9DC71|,85
3534,sp|Q9DCT2|,108
3535,sp|Q9DCU9|,50
3536,sp|Q9EQ06|,296
3537,sp|Q9JHW2|,249
3538,sp|Q9JIY7|,15
3539,sp|Q9QXD1|,667
3540,sp|Q9QZ85|,25
3541,sp|Q9QZM2|,363
3542,sp|Q9R1J0|,179
3543,sp|Q9WU78-3|,303
3544,sp|Q9WV32|,82
3545,sp|Q9WV68|,78
3546,sp|Q9WVA2|,54
3547,tr|P96818|,50
3548,tr|I6YB66|,66
3549,tr|I6Y8D8|,158
3550,tr|O53611|,100
3551,tr|O53611|,117
3552,tr|O53611|,122
3553,tr|O53611|,159
3554,tr|O53611|,188
3555,tr|O53611|,205
3556,tr|O53611|,208
3557,tr|O53611|,213
3558,tr|O53611|,231
3559,tr|O53611|,262
3560,tr|O53611|,278
3561,tr|O53611|,364
3562,tr|O53611|,371
3563,tr|O53611|,474
3564,tr|O53611|,503
3565,tr|O53611|,504
3566,tr|O53611|,506
3567,tr|O53611|,510
3568,tr|O53611|,591
3569,tr|O53611|,594
3570,tr|O53611|,634
3571,tr|O53611|,648
3572,tr|O53611|,653
3573,tr|I6Y4H2|,5
3574,tr|I6X2F8|,66
3575,tr|I6X2F8|,167
3576,tr|I6X2F8|,305
3577,tr|I6X2F8|,447
3578,tr|I6X2F8|,480
3579,tr|I6X2F8|,484
3580,tr|I6X2F8|,570
3581,tr|I6X2F8|,728
3582,tr|L7N670|,230
3583,tr|Q50631|,192
3584,tr|Q50631|,613
3585,tr|I6XZY6|,15
3586,tr|I6XZY6|,20
3587,tr|I6XZY6|,122
3588,tr|I6XZY6|,127
3589,tr|I6XZY6|,179
3590,tr|I6XZY6|,190
3591,tr|I6XZY6|,224
3592,tr|I6YCB6|,115
3593,tr|I6YCB6|,158
3594,tr|I6YCB6|,161
3595,tr|I6XXN3|,313
3596,tr|I6XXN3|,433
3597,tr|I6Y309|,8
3598,tr|I6Y309|,60
3599,tr|I6Y309|,118
3600,tr|I6Y309|,172
3601,tr|I6Y309|,188
3602,tr|I6Y309|,202
3603,tr|I6Y309|,213
3604,tr|I6Y309|,254
3605,tr|I6Y309|,350
3606,tr|I6Y309|,384
3607,tr|I6Y309|,456
3608,tr|I6Y309|,471
3609,tr|I6Y309|,474
3610,tr|I6X5Y3|,70
3611,tr|I6X5Y3|,72
3612,tr|I6X5Y3|,86
3613,tr|O06417|,552
3614,tr|I6X1A1|,115
3615,tr|I6X1A1|,281
3616,tr|I6X1A1|,297
3617,tr|I6X1A1|,305
3618,tr|I6X1A1|,356
3619,tr|I6X1A1|,373
3620,tr|I6X1A1|,411
3621,tr|I6X1A1|,677
3622,tr|I6YCV1|,4
3623,tr|I6YCV1|,11
3624,tr|I6YCV1|,14
3625,tr|I6YCV1|,17
3626,tr|I6YCV1|,44
3627,tr|I6YCV1|,183
3628,tr|I6YCV1|,201
3629,tr|I6YCV1|,265
3630,tr|I6YCV1|,361
3631,tr|I6YCV1|,392
3632,tr|I6X3M7|,79
3633,tr|P95227|,295
3634,tr|P95227|,327
3635,tr|I6X4B3|,211
3636,tr|I6X4B3|,443
3637,tr|I6X4B3|,448
3638,tr|I6X4B3|,608
3639,tr|I6X8D2|,181
3640,tr|I6X8D2|,506
3641,tr|I6X8D2|,550
3642,tr|I6X8D2|,687
3643,tr|I6X8D2|,947
3644,tr|I6X8D2|,960
3645,tr|I6X8D2|,1018
3646,tr|I6X8D2|,1065
3647,tr|I6X8D2|,1412
3648,tr|I6X8D2|,1468
3649,tr|I6X8D2|,1551
3650,tr|I6WZ79|,155
3651,tr|O06574|,21
3652,tr|O06574|,107
3653,tr|O06574|,329
3654,tr|O06574|,337
3655,tr|A5YKM2|,74
3656,tr|A5YKM2|,223
3657,tr|A5YKM2|,489
3658,tr|A5YKM2|,519
3659,tr|A5YKM2|,687
3660,tr|B5TV88|,5
3661,tr|I6WX77|,139
3662,tr|I6WXB0|,54
3663,tr|I6WY43|,101
3664,tr|I6WY69|,7
3665,tr|I6WY69|,88
3666,tr|I6WY69|,107
3667,tr|I6WYR2|,4
3668,tr|I6WYY7|,10
3669,tr|I6WYY7|,18
3670,tr|I6WYY7|,109
3671,tr|I6WYZ2|,83
3672,tr|I6WYZ2|,141
3673,tr|I6WYZ2|,167
3674,tr|I6WZ02|,18
3675,tr|I6WZ02|,101
3676,tr|I6WZ02|,135
3677,tr|I6WZ02|,141
3678,tr|I6WZ62|,41
3679,tr|I6WZ62|,58
3680,tr|I6WZ66|,4
3681,tr|I6WZ66|,100
3682,tr|I6WZ66|,116
3683,tr|I6WZ66|,120
3684,tr|I6WZD7|,117
3685,tr|I6WZF9|,153
3686,tr|I6WZG6|,110
3687,tr|I6WZG9|,336
3688,tr|I6WZT2|,44
3689,tr|I6WZT2|,105
3690,tr|I6X0G4|,160
3691,tr|I6X0T7|,81
3692,tr|I6X0Y5|,93
3693,tr|I6X0Y5|,95
3694,tr|I6X0Z4|,103
3695,tr|I6X149|,213
3696,tr|I6X149|,222
3697,tr|I6X149|,250
3698,tr|I6X149|,304
3699,tr|I6X175|,121
3700,tr|I6X1D9|,180
3701,tr|I6X1D9|,204
3702,tr|I6X1D9|,210
3703,tr|I6X1D9|,255
3704,tr|I6X1D9|,259
3705,tr|I6X1D9|,313
3706,tr|I6X1E6|,583
3707,tr|I6X1E6|,599
3708,tr|I6X209|,27
3709,tr|I6X209|,33
3710,tr|I6X273|,19
3711,tr|I6X273|,65
3712,tr|I6X273|,298
3713,tr|I6X273|,352
3714,tr|I6X2E9|,61
3715,tr|I6X2E9|,141
3716,tr|I6X2I8|,28
3717,tr|I6X2X1|,253
3718,tr|I6X2Y1|,1071
3719,tr|I6X349|,61
3720,tr|I6X3E1|,396
3721,tr|I6X3I6|,328
3722,tr|I6X3L0|,161
3723,tr|I6X3P5|,79
3724,tr|I6X3P5|,94
3725,tr|I6X407|,93
3726,tr|I6X407|,96
3727,tr|I6X462|,53
3728,tr|I6X469|,234
3729,tr|I6X469|,332
3730,tr|I6X469|,378
3731,tr|I6X4C5|,26
3732,tr|I6X4D6|,62
3733,tr|I6X4J0|,459
3734,tr|I6X4J5|,115
3735,tr|I6X4M7|,226
3736,tr|I6X4M7|,548
3737,tr|I6X4M7|,765
3738,tr|I6X4M7|,872
3739,tr|I6X4Q2|,45
3740,tr|I6X4S7|,69
3741,tr|I6X4U3|,47
3742,tr|I6X4U3|,82
3743,tr|I6X558|,59
3744,tr|I6X558|,334
3745,tr|I6X5C5|,254
3746,tr|I6X5C5|,299
3747,tr|I6X5C9|,47
3748,tr|I6X5F9|,199
3749,tr|I6X5F9|,202
3750,tr|I6X5F9|,352
3751,tr|I6X5K1|,248
3752,tr|I6X5P6|,82
3753,tr|I6X5P6|,84
3754,tr|I6X5P6|,94
3755,tr|I6X5P6|,123
3756,tr|I6X5R8|,56
3757,tr|I6X608|,234
3758,tr|I6X608|,254
3759,tr|I6X608|,296
3760,tr|I6X6B1|,125
3761,tr|I6X6I2|,45
3762,tr|I6X6P9|,188
3763,tr|I6X6Q9|,64
3764,tr|I6X6Y9|,354
3765,tr|I6X712|,191
3766,tr|I6X712|,201
3767,tr|I6X712|,323
3768,tr|I6X784|,234
3769,tr|I6X7B7|,86
3770,tr|I6X7B7|,143
3771,tr|O53564|,206
3772,tr|P71847|,101
3773,tr|I6X7R2|,21
3774,tr|I6X7R6|,49
3775,tr|O69637|,157
3776,tr|I6X831|,17
3777,tr|I6X854|,205
3778,tr|I6X854|,434
3779,tr|I6X854|,442
3780,tr|O69687|,227
3781,tr|O69687|,403
3782,tr|I6X8C4|,418
3783,tr|I6X8E2|,106
3784,tr|I6X8E2|,121
3785,tr|I6X8F1|,385
3786,tr|I6X8H2|,147
3787,sp|Q6MX43|,5
3788,sp|Q6MX43|,52
3789,sp|Q6MX43|,58
3790,sp|Q6MX43|,64
3791,tr|I6X9D8|,15
3792,tr|I6X9E2|,70
3793,tr|I6X9G0|,807
3794,tr|I6X9G4|,19
3795,tr|I6X9G4|,47
3796,tr|I6X9G7|,45
3797,tr|I6X9L0|,30
3798,tr|I6X9L2|,123
3799,tr|I6X9L8|,25
3800,tr|I6X9L8|,55
3801,tr|I6X9L8|,85
3802,tr|I6X9L8|,185
3803,tr|I6X9M1|,85
3804,tr|P71820|,50
3805,tr|I6X9T8|,225
3806,tr|O06633|,4
3807,tr|O06633|,53
3808,tr|O06633|,71
3809,tr|I6X9V3|,114
3810,tr|I6X9V3|,321
3811,tr|I6X9Y7|,57
3812,tr|I6XA12|,16
3813,tr|I6XA12|,55
3814,tr|I6XA12|,111
3815,tr|I6XA12|,328
3816,tr|I6XBR5|,463
3817,tr|I6XBW1|,140
3818,tr|I6XBX6|,31
3819,tr|I6XBX6|,59
3820,tr|I6XBX6|,269
3821,tr|I6XBY8|,165
3822,tr|I6XBY8|,175
3823,tr|I6XBZ1|,238
3824,tr|I6XC11|,31
3825,tr|I6XC17|,24
3826,tr|I6XC17|,34
3827,tr|I6XD29|,166
3828,tr|I6XD86|,143
3829,tr|I6XDC3|,52
3830,tr|I6XDI9|,9
3831,tr|I6XDI9|,21
3832,tr|I6XDR2|,68
3833,tr|I6XDR7|,329
3834,tr|I6XDX8|,329
3835,tr|I6XDX8|,354
3836,tr|I6XE99|,47
3837,tr|I6XE99|,67
3838,tr|I6XEA9|,7
3839,tr|I6XEA9|,15
3840,tr|I6XEA9|,18
3841,tr|I6XEK2|,101
3842,tr|I6XEL8|,154
3843,tr|I6XEN6|,166
3844,tr|I6XES8|,320
3845,tr|I6XF13|,44
3846,tr|I6XF25|,188
3847,tr|I6XF31|,142
3848,tr|I6XF43|,67
3849,tr|I6XF43|,185
3850,tr|I6XF47|,29
3851,tr|I6XF56|,38
3852,tr|I6XF68|,76
3853,tr|I6XF92|,3
3854,tr|I6XF92|,193
3855,tr|I6XF92|,196
3856,tr|I6XFG3|,26
3857,tr|I6XFG3|,128
3858,tr|I6XFG3|,173
3859,tr|I6XFG3|,288
3860,tr|I6XFG3|,495
3861,tr|I6XFG3|,531
3862,tr|I6XFP1|,203
3863,tr|I6XFW7|,4
3864,tr|I6XFW7|,44
3865,tr|I6XFW7|,75
3866,tr|I6XFW7|,133
3867,tr|I6XG13|,12
3868,tr|I6XG13|,63
3869,tr|I6XG13|,135
3870,tr|I6XGD8|,179
3871,tr|I6XGD8|,182
3872,tr|I6XGD8|,191
3873,tr|I6XGS7|,186
3874,tr|I6XGS7|,214
3875,tr|I6XGS7|,264
3876,tr|I6XH42|,230
3877,tr|I6XH47|,426
3878,tr|I6XHK1|,203
3879,tr|I6XHK1|,236
3880,tr|I6XHK6|,198
3881,tr|I6XHK6|,211
3882,tr|I6XHK6|,272
3883,tr|I6XHK6|,274
3884,tr|O06376|,104
3885,tr|I6XI10|,100
3886,tr|I6XI52|,231
3887,tr|I6XI82|,208
3888,tr|I6XIB6|,306
3889,tr|I6XIG1|,66
3890,tr|I6XIG1|,67
3891,tr|I6XU56|,96
3892,tr|I6XU56|,216
3893,tr|I6XU56|,260
3894,tr|I6XUA7|,13
3895,tr|I6XUA7|,19
3896,tr|I6XUA7|,25
3897,tr|I6XUA7|,26
3898,tr|I6XUT7|,25
3899,tr|I6XVF1|,185
3900,tr|I6XVM6|,100
3901,tr|I6XVU7|,33
3902,tr|I6XW14|,25
3903,tr|I6XW14|,32
3904,tr|I6XW14|,56
3905,tr|I6XW14|,81
3906,tr|I6XWB3|,46
3907,tr|I6XWD0|,4
3908,tr|I6XWD0|,20
3909,tr|I6XWD0|,30
3910,tr|I6XWD0|,131
3911,tr|I6XWD0|,179
3912,tr|I6XWD0|,268
3913,tr|I6XWD0|,284
3914,tr|I6XWD0|,294
3915,tr|I6XWD0|,302
3916,tr|I6XWD0|,328
3917,tr|I6XWG6|,26
3918,tr|I6XWG6|,63
3919,tr|I6XWG6|,88
3920,tr|I6XWG6|,153
3921,tr|I6XWG6|,269
3922,tr|I6XWG6|,281
3923,tr|I6XWG6|,523
3924,tr|I6XWG6|,524
3925,tr|I6XWI3|,39
3926,tr|I6XWI3|,56
3927,tr|I6XWI3|,121
3928,tr|I6XWI3|,170
3929,tr|I6XWI3|,303
3930,tr|I6XWI3|,313
3931,tr|I6XWI3|,323
3932,tr|I6XWI3|,328
3933,tr|I6XWI3|,332
3934,tr|I6XWI3|,360
3935,tr|I6XWI3|,409
3936,tr|I6XWU3|,362
3937,tr|I6XWZ0|,99
3938,tr|I6XX35|,53
3939,tr|I6XX88|,31
3940,tr|I6XXA2|,89
3941,tr|I6XXK3|,125
3942,tr|I6XXM2|,49
3943,tr|I6XXM2|,142
3944,tr|I6XXP0|,66
3945,tr|I6XXP0|,244
3946,tr|I6XXR6|,98
3947,tr|I6XXT7|,36
3948,tr|P71672|,107
3949,tr|I6Y2I3|,54
3950,tr|I6Y2I3|,259
3951,tr|I6Y2M3|,116
3952,tr|I6Y2Q2|,15
3953,tr|I6Y340|,89
3954,tr|O06348|,200
3955,tr|I6Y3N4|,44
3956,tr|I6Y3P7|,183
3957,tr|I6Y3P7|,198
3958,tr|I6Y3P7|,206
3959,tr|I6Y3Q7|,209
3960,tr|I6Y3Q7|,214
3961,tr|I6Y3Q7|,220
3962,tr|I6Y3R0|,163
3963,tr|I6Y3T3|,172
3964,tr|I6Y3W4|,97
3965,tr|I6Y3W4|,160
3966,tr|I6Y3W4|,181
3967,tr|I6Y3Z8|,21
3968,tr|I6Y3Z8|,25
3969,tr|I6Y3Z8|,106
3970,tr|I6Y496|,54
3971,tr|I6Y496|,193
3972,tr|I6Y496|,209
3973,tr|I6Y4E3|,108
3974,tr|I6Y4E3|,115
3975,tr|I6Y4E3|,181
3976,tr|I6Y4E8|,181
3977,tr|I6Y4J0|,30
3978,tr|I6Y4J0|,42
3979,tr|I6Y4J0|,87
3980,tr|I6Y4J0|,141
3981,tr|P95072|,549
3982,tr|I6Y4Q0|,109
3983,tr|I6Y4Q0|,724
3984,tr|I6Y4Q0|,728
3985,tr|I6Y4Q0|,732
3986,tr|I6Y4Q0|,839
3987,tr|I6Y4Q0|,1264
3988,tr|I6Y4Q3|,83
3989,tr|I6Y4Q3|,118
3990,tr|I6Y4T7|,260
3991,tr|I6Y4U4|,143
3992,tr|I6Y569|,190
3993,tr|I6Y5E8|,10
3994,tr|I6Y5E8|,29
3995,tr|I6Y5E8|,187
3996,tr|I6Y5E8|,202
3997,tr|I6Y5L0|,57
3998,tr|I6Y5L0|,179
3999,tr|I6Y628|,116
4000,tr|I6Y628|,150
4001,tr|I6Y628|,156
4002,tr|I6Y628|,187
4003,tr|I6Y628|,207
4004,tr|I6Y628|,219
4005,tr|I6Y628|,306
4006,tr|I6Y628|,432
4007,tr|I6Y628|,472
4008,tr|I6Y628|,475
4009,tr|I6Y628|,482
4010,tr|I6Y628|,870
4011,tr|I6Y628|,1080
4012,tr|I6Y628|,1093
4013,tr|I6Y628|,1133
4014,tr|I6Y661|,100
4015,tr|I6Y661|,280
4016,tr|I6Y661|,295
4017,tr|I6Y674|,134
4018,tr|I6Y678|,59
4019,tr|I6Y6A4|,54
4020,tr|I6Y6A4|,219
4021,tr|I6Y6N7|,181
4022,tr|I6Y6N7|,233
4023,tr|I6Y6P5|,337
4024,tr|I6Y721|,211
4025,tr|I6Y721|,598
4026,tr|I6Y733|,271
4027,tr|I6Y778|,66
4028,tr|I6Y778|,168
4029,tr|I6Y778|,302
4030,tr|I6Y7H1|,539
4031,tr|I6Y7R3|,520
4032,tr|I6Y7R3|,524
4033,tr|I6Y7T6|,78
4034,tr|I6Y7U2|,135
4035,tr|I6Y7Z2|,32
4036,tr|I6Y7Z2|,142
4037,tr|I6Y7Z2|,284
4038,tr|I6Y834|,182
4039,tr|I6Y861|,256
4040,tr|I6Y869|,47
4041,tr|I6Y869|,64
4042,tr|I6Y869|,78
4043,tr|I6Y869|,85
4044,tr|I6Y869|,114
4045,tr|I6Y869|,119
4046,tr|I6Y869|,132
4047,tr|I6Y869|,136
4048,tr|I6Y8B5|,10
4049,tr|I6Y8C1|,250
4050,tr|I6Y8D9|,53
4051,tr|I6Y8F0|,376
4052,tr|I6Y8F0|,451
4053,tr|P95034|,74
4054,tr|I6Y8H8|,140
4055,tr|I6Y8H8|,143
4056,tr|I6Y8H9|,10
4057,tr|I6Y8H9|,14
4058,tr|I6Y8H9|,158
4059,tr|I6Y8H9|,173
4060,tr|I6Y8I3|,92
4061,tr|I6Y8I3|,135
4062,tr|I6Y8I3|,147
4063,tr|I6Y8J3|,5
4064,tr|I6Y8K0|,351
4065,tr|I6Y8X3|,2
4066,tr|I6Y8X3|,208
4067,tr|I6Y919|,6
4068,tr|I6Y946|,230
4069,tr|I6Y973|,105
4070,tr|I6Y973|,418
4071,tr|I6Y9D5|,30
4072,tr|I6Y9E8|,79
4073,tr|I6Y9K2|,158
4074,tr|I6Y9K2|,229
4075,tr|I6Y9P2|,308
4076,tr|I6Y9S9|,258
4077,tr|I6Y9S9|,271
4078,tr|I6Y9X4|,147
4079,tr|I6Y9X4|,277
4080,tr|I6YA03|,139
4081,tr|I6YA03|,146
4082,tr|I6YA22|,47
4083,tr|I6YA34|,73
4084,tr|I6YA34|,87
4085,tr|I6YA45|,5
4086,tr|I6YA59|,100
4087,tr|I6YA59|,119
4088,tr|I6YA59|,171
4089,tr|I6YA63|,124
4090,tr|I6YA63|,269
4091,tr|I6YA63|,356
4092,tr|I6YA77|,112
4093,tr|I6YA77|,273
4094,tr|I6YAF6|,220
4095,tr|I6YAF6|,295
4096,tr|I6YAF6|,298
4097,tr|I6YAF6|,358
4098,tr|I6YAI8|,109
4099,tr|I6YAI8|,115
4100,tr|I6YAI8|,156
4101,tr|I6YAJ4|,74
4102,tr|I6YAJ4|,273
4103,tr|I6YAK9|,123
4104,tr|I6YAK9|,133
4105,tr|I6YAK9|,143
4106,tr|I6YAK9|,188
4107,tr|I6YAK9|,198
4108,tr|I6YAK9|,216
4109,tr|I6YAK9|,259
4110,tr|I6YAK9|,352
4111,tr|O33272|,67
4112,tr|O33272|,159
4113,tr|I6YAT7|,243
4114,tr|I6YAT7|,396
4115,tr|I6YAT7|,446
4116,tr|I6YAV6|,52
4117,tr|I6YAY0|,19
4118,tr|I6YAY0|,53
4119,tr|I6YAY0|,79
4120,tr|I6YAY0|,87
4121,tr|I6YAY0|,92
4122,tr|I6YAY0|,153
4123,tr|I6YAY0|,160
4124,tr|I6YAY0|,197
4125,tr|I6YAY0|,203
4126,tr|I6YAY0|,245
4127,tr|I6YAY0|,264
4128,tr|I6YB44|,341
4129,tr|I6YB52|,5
4130,tr|I6YB52|,54
4131,tr|I6YB52|,74
4132,tr|I6YB52|,83
4133,tr|I6YB52|,106
4134,tr|I6YB52|,137
4135,tr|I6YB64|,292
4136,tr|I6YBA1|,90
4137,tr|I6YBI0|,37
4138,tr|I6YBI0|,72
4139,tr|I6YBI0|,76
4140,tr|I6YBK0|,23
4141,tr|I6YBK0|,410
4142,tr|I6YBL6|,115
4143,tr|I6YBN9|,138
4144,tr|I6YBN9|,368
4145,tr|I6YBR3|,102
4146,tr|I6YBU4|,111
4147,tr|I6YBW8|,76
4148,tr|I6YBX7|,143
4149,tr|I6YBX7|,310
4150,tr|I6YBX7|,356
4151,tr|I6YBX7|,433
4152,tr|I6YBX7|,554
4153,tr|I6YBX7|,557
4154,tr|I6YBX7|,590
4155,tr|I6YBX7|,600
4156,tr|I6YBX7|,688
4157,tr|I6YC43|,115
4158,tr|I6YC67|,91
4159,tr|I6YC89|,11
4160,tr|I6YCA3|,238
4161,tr|I6YCA7|,261
4162,tr|I6YCG0|,25
4163,tr|I6YCG0|,33
4164,tr|I6YCG0|,89
4165,tr|I6YCG0|,237
4166,tr|I6YCG7|,72
4167,tr|I6YCH4|,90
4168,tr|I6YCN6|,189
4169,tr|I6YCN6|,542
4170,tr|I6YCR0|,142
4171,tr|O69652|,294
4172,tr|I6YCS0|,282
4173,tr|I6YCT0|,456
4174,tr|I6YCT7|,24
4175,tr|I6YCU3|,43
4176,tr|I6YCU3|,87
4177,tr|I6YCW0|,250
4178,tr|I6YD14|,56
4179,tr|I6YD20|,262
4180,tr|I6YD20|,276
4181,tr|I6YD25|,35
4182,tr|I6YD25|,43
4183,tr|I6YD25|,492
4184,tr|I6YD68|,71
4185,tr|I6YD68|,83
4186,tr|I6YD68|,116
4187,tr|I6YD76|,9
4188,tr|I6YD76|,419
4189,tr|I6YD84|,246
4190,tr|I6YDA2|,56
4191,tr|I6YDA2|,206
4192,tr|I6YDA2|,304
4193,tr|I6YDA2|,310
4194,tr|I6YDA2|,321
4195,tr|I6YDA2|,334
4196,tr|I6YDA2|,523
4197,tr|I6YDG0|,45
4198,tr|I6YDG0|,167
4199,tr|I6YDM5|,143
4200,tr|I6YDP0|,213
4201,tr|I6YDP0|,315
4202,tr|I6YE58|,91
4203,tr|I6YEC9|,10
4204,tr|I6YEC9|,75
4205,tr|I6YEC9|,230
4206,tr|I6YEL0|,122
4207,tr|I6YEL0|,133
4208,tr|I6YEL0|,336
4209,tr|I6YEQ5|,59
4210,tr|I6YEQ9|,100
4211,tr|I6YEQ9|,167
4212,tr|I6YEV7|,55
4213,tr|I6YEV7|,100
4214,tr|I6YEV7|,148
4215,tr|I6YF40|,151
4216,tr|I6YF40|,276
4217,tr|O05773|,14
4218,tr|I6YG15|,136
4219,tr|I6YG15|,258
4220,tr|I6YG23|,31
4221,tr|I6YG23|,183
4222,tr|I6YG23|,364
4223,tr|I6YG23|,368
4224,tr|I6YG71|,131
4225,tr|I6YG71|,173
4226,tr|I6YG71|,213
4227,tr|I6YG71|,292
4228,tr|I6YG75|,40
4229,tr|I6YGF8|,253
4230,tr|I6YGJ9|,108
4231,tr|I6YGW9|,46
4232,tr|I6YGW9|,63
4233,tr|I6YH72|,72
4234,tr|I6YH72|,354
4235,tr|I6YHD6|,134
4236,tr|I6YHD6|,200
4237,tr|I6YHD6|,207
4238,tr|I6YHD6|,259
4239,tr|I6YHD6|,267
4240,tr|I6YHG3|,767
4241,tr|L7N655|,243
4242,tr|L7N655|,730
4243,tr|L7N655|,781
4244,tr|L7N663|,54
4245,tr|L7N668|,33
4246,tr|L7N672|,266
4247,tr|L7N672|,325
4248,tr|L7N684|,307
4249,tr|L7N6A5|,15
4250,tr|O05293|,271
4251,tr|O05777|,197
4252,tr|O05777|,269
4253,tr|O05856|,166
4254,tr|O05866|,117
4255,tr|O06178|,117
4256,tr|O06216|,36
4257,tr|O06218|,2
4258,tr|O06298|,97
4259,tr|O06298|,128
4260,tr|O06315|,169
4261,tr|O06554|,120
4262,tr|O06592|,34
4263,tr|O06592|,78
4264,tr|O06597|,147
4265,tr|O06797|,91
4266,tr|O06797|,126
4267,tr|O06803|,62
4268,tr|O06803|,305
4269,tr|O06816|,117
4270,tr|O07169|,509
4271,tr|O07178|,33
4272,tr|O07242|,85
4273,tr|O07256|,80
4274,tr|O07256|,216
4275,tr|O07434|,82
4276,tr|O07738|,283
4277,tr|O07738|,348
4278,tr|O07752|,363
4279,tr|O07804|,30
4280,tr|O33177|,96
4281,tr|O33268|,570
4282,tr|O33273|,75
4283,tr|O33358|,134
4284,tr|O50397|,25
4285,tr|O50434|,170
4286,tr|O50435|,366
4287,tr|O50455|,260
4288,tr|O50460|,51
4289,tr|O53146|,125
4290,tr|O53146|,134
4291,tr|O53146|,140
4292,tr|O53146|,178
4293,tr|O53193|,85
4294,tr|O53319|,308
4295,tr|O53346|,157
4296,tr|O53362|,408
4297,tr|O53390|,372
4298,tr|O53406|,521
4299,tr|O53430|,19
4300,tr|O53506|,163
4301,tr|O53506|,207
4302,tr|O53506|,254
4303,tr|O53516|,132
4304,tr|O53532|,187
4305,tr|O53604|,6
4306,tr|O53664|,158
4307,tr|O53664|,240
4308,tr|O53664|,268
4309,tr|O53666|,70
4310,tr|O53666|,81
4311,tr|O53666|,179
4312,tr|O53666|,338
4313,tr|O53666|,394
4314,tr|O53669|,121
4315,tr|O53669|,206
4316,tr|O53673|,145
4317,tr|O53697|,363
4318,tr|O53726|,291
4319,tr|O53749|,15
4320,tr|O53773|,218
4321,tr|O53777|,93
4322,tr|O53777|,122
4323,tr|O53777|,151
4324,tr|O53931|,58
4325,tr|O53943|,235
4326,tr|O53961|,5
4327,tr|O53979|,72
4328,tr|O65936|,83
4329,tr|O65936|,175
4330,tr|O65936|,315
4331,tr|O65936|,320
4332,tr|O69689|,38
4333,tr|O69689|,242
4334,tr|O69689|,337
4335,tr|O69689|,384
4336,tr|O69693|,10
4337,tr|O86340|,26
4338,tr|O86358|,71
4339,tr|O86358|,171
4340,tr|P71540|,171
4341,tr|P71658|,102
4342,tr|P71658|,129
4343,tr|P71658|,139
4344,tr|P71658|,141
4345,tr|P71658|,151
4346,tr|P71658|,156
4347,tr|P71737|,73
4348,tr|P71737|,84
4349,tr|P71738|,102
4350,tr|P71790|,275
4351,tr|P71898|,13
4352,tr|P71905|,440
4353,tr|P71905|,508
4354,tr|P71905|,626
4355,tr|P71988|,316
4356,tr|P71990|,180
4357,tr|P72043|,176
4358,tr|P72043|,251
4359,tr|P72043|,319
4360,tr|P95149|,281
4361,tr|P95159|,186
4362,tr|P95159|,187
4363,tr|P95186|,10
4364,tr|P95186|,229
4365,tr|P95187|,12
4366,tr|P95187|,244
4367,tr|P95197|,281
4368,tr|P95202|,134
4369,tr|P95223|,887
4370,tr|P95228|,371
4371,tr|P95228|,384
4372,tr|P95228|,431
4373,tr|P95228|,544
4374,tr|P95228|,638
4375,tr|P95228|,695
4376,tr|P95229|,275
4377,tr|P95270|,107
4378,tr|P95270|,179
4379,tr|P96272|,107
4380,tr|P96273|,112
4381,tr|P96375|,112
4382,tr|P96381|,39
4383,tr|P96414|,355
4384,tr|P96414|,424
4385,tr|P96874|,33
4386,tr|P96874|,53
4387,tr|P96874|,64
4388,tr|P96886|,105
4389,tr|Q10782|,133
4390,tr|Q6MWZ8|,4
4391,tr|Q6MX34|,284
4392,tr|Q6MX34|,304
4393,tr|Q6MX34|,343
4394,tr|Q6MX34|,514
4395,tr|Q79FN7|,51
4396,gi|15607269|,34
4397,gi|15607321|,18
4398,gi|15607573|,230
4399,gi|15607574|,215
4400,gi|15607574|,216
4401,gi|15607607|,154
4402,gi|15607616|,180
4403,gi|15607616|,184
4404,gi|15607623|,308
4405,gi|15607787|,298
4406,gi|15607998|,376
4407,gi|15608050|,90
4408,gi|15608050|,94
4409,gi|15608112|,268
4410,gi|15608295|,44
4411,gi|15608372|,56
4412,gi|15608405|,166
4413,gi|15608468|,255
4414,gi|15608468|,276
4415,gi|15608468|,375
4416,gi|15608468|,677
4417,gi|15608468|,704
4418,gi|15608779|,190
4419,gi|15608821|,964
4420,gi|15609001|,43
4421,gi|15609033|,41
4422,gi|15609167|,392
4423,gi|15609541|,426
4424,gi|15609547|,232
4425,gi|15609674|,47
4426,gi|15609709|,364
4427,gi|15609778|,30
4428,gi|15609586|,127
4429,gi|15610128|,61
4430,gi|15610188|,65
4431,gi|15610188|,259
4432,gi|15610188|,500
4433,gi|15610406|,71
4434,gi|15610411|,160
4435,gi|15610835|,221
4436,gi|15610933|,506
4437,gi|15610950|,130
4438,gi|15610986|,33
4439,gi|15610988|,58
4440,gi|448824757|,30
4441,gi|57116808|,56
4442,gi|57116810|,337
4443,gi|57117016|,167
4444,gi|57117051|,23
4445,tr|B5M6R2|,58
4446,tr|B9QE96|,609
4447,tr|B9QE96|,612
4448,tr|B9QE96|,823
4449,tr|Q1JSY0|,232
4450,tr|Q1JSY0|,354
4451,tr|Q1JSY0|,379
4452,tr|Q1JSY0|,385
4453,tr|Q1KSF3|,165
4454,tr|Q1KSF3|,212
4455,tr|Q1KSF3|,218
4456,tr|Q1KSF3|,307
4457,tr|Q1KSF3|,486
4458,tr|Q1KSF3|,535
4459,tr|Q9BKE2|,62
4460,tr|Q9BKE2|,217
4461,tr|S7UKW3|,88
4462,tr|S7UM11|,196
4463,tr|S7UM11|,212
4464,tr|S7UNU2|,384
4465,tr|S7URQ8|,765
4466,tr|S7UUN3|,78
4467,tr|S7UUN3|,342
4468,tr|S7UUN3|,453
4469,tr|S7UUN3|,461
4470,tr|S7UUN3|,467
4471,tr|S7UUN3|,478
4472,tr|S7UW53|,419
4473,tr|S7UW53|,499
4474,tr|S7UWA6|,777
4475,tr|S7UXS8|,52
4476,tr|S7UXS8|,99
4477,tr|S7V2T0|,140
4478,tr|S7V2T0|,157
4479,tr|S7V2T0|,301
4480,tr|S7V2T0|,320
4481,tr|S7V2T0|,396
4482,tr|S7V2T0|,400
4483,tr|S7V2T0|,464
4484,tr|S7V2T0|,467
4485,tr|S8EPG6|,222
4486,tr|S8EPG6|,440
4487,tr|S8ER81|,318
4488,tr|S8ERA1|,56
4489,tr|S8ERA1|,123
4490,tr|S8ERT6|,56
4491,tr|S8ERT6|,70
4492,tr|S8ERT6|,190
4493,tr|S8ERT6|,231
4494,tr|S8ERT6|,239
4495,tr|S8ERT6|,247
4496,tr|S8ERT6|,294
4497,tr|S8ERT6|,299
4498,tr|S8ERT6|,388
4499,tr|S8ERT6|,417
4500,tr|S8ERT6|,461
4501,tr|S8ES70|,270
4502,tr|S8ESF8|,160
4503,tr|S8ESF8|,188
4504,tr|S8ESF8|,191
4505,tr|S8ESF8|,197
4506,tr|S8ESF8|,241
4507,tr|S8ESF8|,264
4508,tr|S8ESF8|,345
4509,tr|S8ESF8|,399
4510,tr|S8ESF8|,404
4511,tr|S8ESF8|,448
4512,tr|S8ESF8|,454
4513,tr|S8ESF8|,459
4514,tr|S8ESF8|,522
4515,tr|S8ESF8|,654
4516,tr|S8ESF8|,656
4517,tr|S8ESF8|,668
4518,tr|S8ESF8|,689
4519,tr|S8EUM4|,157
4520,tr|S8EVA6|,70
4521,tr|S8EWL8|,383
4522,tr|S8EWP8|,356
4523,tr|S8EWP8|,444
4524,tr|S8EWS1|,409
4525,tr|S8EWS1|,445
4526,tr|S8EWS1|,523
4527,tr|S8EXD3|,451
4528,tr|S8EYC0|,585
4529,tr|S8EZA4|,140
4530,tr|S8EZA4|,194
4531,tr|S8EZA4|,351
4532,tr|S8EZA4|,537
4533,tr|S8EZA4|,572
4534,tr|S8EZA4|,623
4535,tr|S8EZA4|,640
4536,tr|S8EZA4|,666
4537,tr|S8EZQ9|,349
4538,tr|S8EZQ9|,376
4539,tr|S8EZV2|,102
4540,tr|S8EZV2|,126
4541,tr|S8EZV2|,133
4542,tr|S8EZV2|,150
4543,tr|S8F029|,197
4544,tr|S8F029|,216
4545,tr|S8F029|,253
4546,tr|S8F029|,265
4547,tr|S8F029|,275
4548,tr|S8F029|,282
4549,tr|S8F0X4|,58
4550,tr|S8F0X4|,102
4551,tr|S8F0X4|,465
4552,tr|S8F0X4|,495
4553,tr|S8F0X4|,526
4554,tr|S8F1E5|,168
4555,tr|S8F1V7|,17
4556,tr|S8F1V7|,30
4557,tr|S8F1V7|,57
4558,tr|S8F1V7|,104
4559,tr|S8F1V7|,199
4560,tr|S8F2N7|,211
4561,tr|S8F2Q2|,158
4562,tr|S8F2Q2|,185
4563,tr|S8F2Q2|,202
4564,tr|S8F2Q2|,226
4565,tr|S8F3R8|,206
4566,tr|S8F3W4|,251
4567,tr|S8F5C6|,243
4568,tr|S8F5G1|,74
4569,tr|S8F5G1|,136
4570,tr|S8F5G1|,176
4571,tr|S8F5G1|,268
4572,tr|S8F5G1|,272
4573,tr|S8F5G1|,286
4574,tr|S8F640|,107
4575,tr|S8F7E2|,94
4576,tr|S8F7E2|,99
4577,tr|S8F7E2|,104
4578,tr|S8F7E2|,131
4579,tr|S8F7E2|,144
4580,tr|S8F7E2|,208
4581,tr|S8F952|,1004
4582,tr|S8F952|,1209
4583,tr|S8F952|,1372
4584,tr|S8F952|,1468
4585,tr|S8F968|,270
4586,tr|S8F993|,377
4587,tr|S8F9X3|,155
4588,tr|S8FA49|,36
4589,tr|S8FA49|,54
4590,tr|S8FB92|,108
4591,tr|S8FB92|,139
4592,tr|S8FB92|,186
4593,tr|S8FB92|,194
4594,tr|S8FDT3|,20
4595,tr|S8FDT3|,33
4596,tr|S8FE12|,149
4597,tr|S8FFS7|,343
4598,tr|S8FFS7|,355
4599,tr|S8FFS7|,500
4600,tr|S8FFS7|,511
4601,tr|S8FFS7|,716
4602,tr|S8FZC8|,16
4603,tr|S8FZC8|,54
4604,tr|S8FZE9|,198
4605,tr|S8FZE9|,205
4606,tr|S8FZE9|,370
4607,tr|S8G0C7|,52
4608,tr|S8G0C7|,57
4609,tr|S8G246|,114
4610,tr|S8G246|,122
4611,tr|S8G246|,166
4612,tr|S8G527|,11
4613,tr|S8G5T5|,236
4614,tr|S8G630|,229
4615,tr|S8G630|,300
4616,tr|S8G630|,480
4617,tr|S8G630|,532
4618,tr|S8G630|,558
4619,tr|S8G630|,569
4620,tr|S8G630|,647
4621,tr|S8G630|,785
4622,tr|S8G630|,788
4623,tr|S8G630|,858
4624,tr|S8G630|,863
4625,tr|S8G630|,895
4626,tr|S8G630|,1012
4627,tr|S8G7L7|,205
4628,tr|S8G7L7|,211
4629,tr|S8G7L7|,279
4630,tr|S8GB71|,245
4631,tr|S8GCR8|,145
4632,tr|S8GCR8|,219
4633,tr|S8GCR8|,281
4634,tr|S8GCR8|,286
4635,tr|S8GCR8|,455
4636,tr|S8GCR8|,506
4637,tr|S8GCU3|,277
4638,tr|S8GCU3|,547
4639,tr|S8GCY4|,84
4640,tr|S8GCY4|,163
4641,tr|S8GCY4|,167
4642,tr|S8GCY4|,183
4643,tr|S8GCY4|,315
4644,tr|S8GCY4|,418
4645,tr|S8GCY4|,425
4646,tr|S8GCY4|,478
4647,tr|S8GCY4|,488
4648,tr|S8GD16|,15
4649,tr|S8GD16|,124
4650,tr|S8GDD7|,159
4651,tr|S8GDD7|,171
4652,tr|S8GDK7|,102
4653,tr|S8GDK7|,214
4654,tr|S8GDT8|,766
4655,tr|S8GEX2|,34
4656,tr|S8GHD8|,74
4657,tr|S8GJQ9|,154
4658,tr|S8GJQ9|,161
4659,tr|S8GKI2|,266
4660,tr|S8GKW7|,105
4661,tr|S8GKW7|,136
4662,tr|S8GUU0|,161
4663,tr|S8GUU0|,170
4664,tr|V4YKQ9|,136
4665,tr|V4YKQ9|,188
4666,tr|V4YKQ9|,230
4667,tr|V4YKQ9|,239
4668,tr|V4YKQ9|,250
4669,tr|V4YNN3|,432
4670,tr|V4YQK1|,1274
4671,tr|V4YQK1|,1309
4672,tr|V4YQK1|,1335
4673,tr|V4YRX3|,506
4674,tr|V4YRX3|,551
4675,tr|V4YRX3|,625
4676,tr|V4YV42|,343
4677,tr|V4YV42|,518
4678,tr|V4YZ90|,549
4679,tr|V4YZB2|,354
4680,tr|V4Z2A1|,605
4681,tr|V4Z4E7|,1356
4682,tr|V4Z4E7|,1805
4683,tr|V4Z4U6|,154
4684,tr|V4Z6Q0|,310
4685,tr|V4Z729|,75
4686,tr|V4Z729|,127
4687,tr|V4Z729|,131
4688,tr|V4Z729|,200
4689,tr|V4Z729|,218
4690,tr|V4Z729|,443
4691,tr|V4Z729|,478
4692,tr|V4Z729|,615
4693,tr|V4Z7G3|,350
4694,tr|V4Z7G3|,458
4695,tr|V4Z7G3|,802
4696,tr|V4Z7M7|,715
4697,tr|V4Z821|,189
4698,tr|V4ZAA9|,743
4699,tr|V4ZAP4|,278
4700,tr|V4ZBH7|,150
4701,tr|V4ZBR1|,253
4702,tr|V4ZEZ2|,266
4703,tr|V4ZEZ2|,320
4704,tr|V4ZEZ2|,330
4705,tr|V4ZEZ2|,357
4706,tr|V4ZEZ2|,425
4707,tr|V4ZFC8|,317
4708,tr|V4ZFC8|,386
4709,tr|V4ZFC8|,723
4710,tr|V4ZGF7|,233
4711,tr|V4ZGF7|,332
4712,tr|V4ZIK8|,356
4713,tr|V4ZKE2|,1020
4714,tr|V4ZKE2|,1058
4715,tr|V4ZKE2|,1092
4716,tr|V4ZKE2|,1245
4717,tr|V4ZP20|,25
4718,tr|V4ZP20|,41
4719,tr|V4ZP20|,61
4720,tr|V4ZP20|,68
4721,tr|V4ZQL8|,608
4722,tr|V4ZQL8|,739
4723,tr|V4ZQL8|,987
4724,tr|V4ZR24|,154
4725,tr|V4ZR24|,304
4726,tr|V4ZR24|,315
4727,tr|V4ZR24|,318
4728,tr|V4ZR24|,326
4729,tr|V4ZSR6|,143
4730,tr|V4ZSR6|,222
4731,tr|V4ZSR6|,230
4732,tr|V5BAB7|,401
4733,tr|V5BCJ1|,71
4734,tr|V5BCJ1|,169
4735,tr|V5BCJ1|,191
4736,tr|V5BCJ1|,270
4737,tr|V5BCJ1|,433
4738,tr|V5BCJ1|,436
4739,tr|V5BCJ1|,443
4740,tr|V5BCJ1|,481
4741,tr|V5BCJ1|,511
4742,tr|V5BHR4|,627
4743,tr|V5BIR7|,227
4744,tr|V5BIR7|,256
4745,tr|V5BIR7|,265
4746,tr|V5BIR7|,387
4747,tr|V5BIR7|,430
4748,tr|V5BIR7|,551
4749,tr|V5BMY4|,292
